1311,152,KeepKey,b'gANdcQAoXXEBKEsgSwBLEWVdcQIoS6hLAEsSZV1xAyhLKEsASxFlXXEEKEssSwBLEmVdcQUoSyhLaUsQZV1xBihLJ0sASxJlXXEHKEsoSxtLEGVdcQgoSyJLAEsSZV1xCShLKEvASxBlXXEKKEskSwBLEWVdcQsoS0pLAEsSZV1xDChLKEsASxFlXXENKEsnSwBLEmVdcQ4oSyhLWksQZV1xDyhLJEsASxFlXXEQKEvhSwRLEmVdcREoSyhLAEsRZV1xEihLLEsASxJlXXETKEsoS2lLEGVdcRQoSydLAEsSZV1xFShLKEsbSxBlXXEWKEsiSwBLEmVdcRcoSyhLwEsQZV1xGChLJEsASxFlXXEZKEtKSwBLEmVdcRooSyhLAEsRZV1xGyhLJ0sASxJlXXEcKEsoS1pLEGVdcR0oSyRLAEsRZV1xHihL5ksESxJlXXEfKEsoSwBLEWVdcSAoSyxLAEsSZV1xIShLKEtpSxBlXXEiKEsnSwBLEmVdcSMoSyhLG0sQZV1xJChLIksASxJlXXElKEsoS8BLEGVdcSYoSyRLAEsRZV1xJyhLT0sASxJlXXEoKEsoSwBLEWVdcSkoSyxLAEsSZV1xKihLKEtLSxBlXXErKEsnSwBLEmVdcSwoSyhLEEsQZV1xLShLJ0sASxJlXXEuKEsoSwNLEGVdcS8oSydLAEsSZV1xMChLKEtLSxBlXXExKEsnSwBLEmVdcTIoSyhLAEsQZV1xMyhLJ0sASxJlXXE0KEsoS2VLEGVdcTUoSydLAEsSZV1xNihLKEsASxBlXXE3KEsnSwBLEmVdcTgoSyhLZUsQZV1xOShLJ0sASxJlXXE6KEsoSwBLEGVdcTsoSydLAEsSZV1xPChLKEtwSxBlXXE9KEsnSwBLEmVdcT4oSyhLAEsQZV1xPyhLJ0sASxJlXXFAKEsoS0tLEGVdcUEoSydLAEsSZV1xQihLKEsASxBlXXFDKEsnSwBLEmVdcUQoSyhLZUsQZV1xRShLJ0sASxJlXXFGKEsoSwBLEGVdcUcoSydLAEsSZV1xSChLKEt5SxBlXXFJKEsnSwBLEmVdcUooSyhLAEsQZV1xSyhLJ0sASxJlXXFMKEsoS+5LEGVdcU0oSyJLAEsSZV1xTihLKEtoSxBlXXFPKEskSwBLEWVdcVAoS0VLAEsSZV1xUShLKEsASxFlXXFSKEsnSwBLEmVdcVMoSyhL0ksQZV1xVChLJEsASxFlXXFVKEsrSwFLEmVdcVYoSyhLAEsRZV1xVyhLLEsASxJlXXFYKEsoS+FLEGVdcVkoSydLAEsSZV1xWihLKEsbSxBlXXFbKEsiSwBLEmVdcVwoSyhLwEsQZV1xXShLJEsASxFlXXFeKEtFSwBLEmVdcV8oSyhLAEsRZV1xYChLLEsASxJlXXFhKEsoS0tLEGVdcWIoSydLAEsSZV1xYyhLKEsASxBlXXFkKEsiSwBLEmVdcWUoSyhLAEsQZV1xZihLJEsASxFlXXFnKEtKSwBLEmVdcWgoSyhLAEsRZV1xaShLJ0sASxJlXXFqKEsoS9JLEGVdcWsoSyRLAEsRZV1xbChLu0stSxJlXXFtKEsASwBLBWVdcW4oS1JLaUsSZV1xbyhLIEsASwVlXXFwKEtSS2lLBmVdcXEoS/9L/0sSZV1xcihLoEsASwVlXXFzKEv/S/9LBmVdcXQoS/9L/0sSZV1xdShLqEsASwVlXXF2KEssSwBLEmVdcXcoS6hLpUsEZV1xeChLJ0sASxJlXXF5KEuoS3FLEGVdcXooSyJLAEsSZV1xeyhLqEuKSxBlXXF8KEukSwBLBWVdcX0oS91L6UsSZV1xfihLqEsASxFlXXF/KEssSwBLEmVdcYAoS6hLpUsQZV1xgShLJ0sASxJlXXGCKEuoS3JLEGVdcYMoSyJLAEsSZV1xhChLqEvKSxBlXXGFKEukSwBLBWVdcYYoS+JL6UsSZV1xhyhLqEsASwVlXXGIKEssSwBLEmVdcYkoS6hLpUsEZV1xiihLJ0sASxJlXXGLKEuoS3NLBGVdcYwoSyJLAEsSZV1xjShLqEsySxBlXXGOKEukSwBLBWVdcY8oS+JL6UsSZV1xkChLqEsASwVlXXGRKEssSwBLEmVdcZIoS6hLpUsEZV1xkyhLJ0sASxJlXXGUKEuoS3RLBGVdcZUoSyJLAEsSZV1xlihLqEtKSxBlXXGXKEukSwBLBWVdcZgoS+JL6UsSZV1xmShLqEsASxFlXXGaKEssSwBLEmVdcZsoS6hLpUsQZV1xnChLJ0sASxJlXXGdKEuoS3VLEGVdcZ4oSyJLAEsSZV1xnyhLqEuySxBlXXGgKEukSwBLEWVdcaEoS91L6UsSZV1xoihLqEsASxFlXXGjKEsxSwBLEmVdcaQoS6hLpUsQZV1xpShLIksASxJlXXGmKEuoS3ZLEGVdcacoSyJLAEsSZV1xqChLqEvySxBlXXGpKEukSwBLBWVdcaooS+JL6UsSZV1xqyhLqEsASxFlXXGsKEssSwBLEmVdca0oS6hLpUsQZV1xrihLJ0sASxJlXXGvKEuoS3dLEGVdcbAoSyJLAEsSZV1xsShLqEsKSxBlXXGyKEukSwBLBWVdcbMoS+JL6UsSZV1xtChLqEsASxFlXXG1KEssSwBLEmVdcbYoS6hLpUsQZV1xtyhLJ0sASxJlXXG4KEuoS3hLEGVdcbkoSyJLAEsSZV1xuihLqEsCSxBlXXG7KEukSwBLBWVdcbwoS+JL6UsSZV1xvShLqEsASxFlXXG+KEssSwBLEmVdcb8oS6hLpUsQZV1xwChLJ0sASxJlXXHBKEuoS3lLEGVdccIoSyJLAEsSZV1xwyhLqEv6SxBlXXHEKEukSwBLBWVdccUoS+JL6UsSZV1xxihLqEsASwVlXXHHKEssSwBLEmVdccgoS6hLpUsEZV1xyShLJ0sASxJlXXHKKEuoS3pLBGVdccsoSyJLAEsSZV1xzChLqEu6SxBlXXHNKEukSwBLBWVdcc4oS91L6UsSZV1xzyhLqEsASwVlXXHQKEssSwBLEmVdcdEoS6hLpUsEZV1x0ihLJ0sASxJlXXHTKEuoS3tLBGVdcdQoSyJLAEsSZV1x1ShLqEtCSxBlXXHWKEukSwBLBWVdcdcoS+JL6UsSZV1x2ChLqEsASxFlXXHZKEssSwBLEmVdcdooS6hLpUsQZV1x2yhLJ0sASxJlXXHcKEuoS3xLEGVdcd0oSyJLAEsSZV1x3ihLqEs6SxBlXXHfKEukSwBLBWVdceAoS+JL6UsSZV1x4ShLqEsASwVlXXHiKEssSwBLEmVdceMoS6hLpUsEZV1x5ChLJ0sASxJlXXHlKEuoS31LBGVdceYoSyJLAEsSZV1x5yhLqEvCSxBlXXHoKEukSwBLBWVdcekoS+JL6UsSZV1x6ihLqEsASwVlXXHrKEssSwBLEmVdcewoS6hLpUsEZV1x7ShLT0sASxJlXXHuKEuoS35LEGVdce8oS6tLgksQZV1x8ChLoUsASwVlXXHxKEvXS+lLEmVdcfIoS6hLAEsRZV1x8yhLLEsASxJlXXH0KEuoS6VLEGVdcfUoS09LAEsSZV1x9ihLqEt/SxBlXXH3KEurS3pLEGVdcfgoS6FLAEsFZV1x+ShL3EvpS5JlXXH6KEuoSwBLkWVdcfsoSyxLAEuSZV1x/ChLqEulS5BlXXH9KEsnSwBLkmVdcf4oS6hLgEuQZV1x/yhLIksAS5JlXXIAAQAAKEuoS/JLhGVlLg=='
636,133,KeepKey,b'gANdcQAoXXEBKEuoS9JLEGVdcQIoS6RLAEsRZV1xAyhLXEsASxJlXXEEKEsgSwBLEWVdcQUoS4xLAUsSZV1xBihLKEsASxFlXXEHKEssSwBLEmVdcQgoSyhLaUsQZV1xCShLJ0sASxJlXXEKKEsoSx1LEGVdcQsoSyJLAEsSZV1xDChLKEtASxBlXXENKEskSwBLEWVdcQ4oS0VLAEsSZV1xDyhLKEsASxFlXXEQKEsnSwBLEmVdcREoSyhLWksQZV1xEihLJEsASxFlXXETKEvwSwRLEmVdcRQoSyhLAEsRZV1xFShLLEsASxJlXXEWKEsoS2lLEGVdcRcoSydLAEsSZV1xGChLKEsdSxBlXXEZKEsiSwBLEmVdcRooSyhLQEsQZV1xGyhLJEsASxFlXXEcKEtFSwBLEmVdcR0oSyhLAEsRZV1xHihLJ0sASxJlXXEfKEsoS1pLEGVdcSAoSyRLAEsRZV1xIShL60sESxJlXXEiKEsoSwBLEWVdcSMoSyxLAEsSZV1xJChLKEtpSxBlXXElKEsnSwBLEmVdcSYoSyhLHUsQZV1xJyhLIksASxJlXXEoKEsoS0BLEGVdcSkoSyRLAEsRZV1xKihLT0sASxJlXXErKEsoSwBLEWVdcSwoSyxLAEsSZV1xLShLKEtLSxBlXXEuKEsnSwBLEmVdcS8oSyhLEEsQZV1xMChLJ0sASxJlXXExKEsoSwNLEGVdcTIoSydLAEsSZV1xMyhLKEtLSxBlXXE0KEsnSwBLEmVdcTUoSyhLAEsQZV1xNihLJ0sASxJlXXE3KEsoS2VLEGVdcTgoSydLAEsSZV1xOShLKEsASxBlXXE6KEsnSwBLEmVdcTsoSyhLZUsQZV1xPChLJ0sASxJlXXE9KEsoSwBLEGVdcT4oSydLAEsSZV1xPyhLKEtwSxBlXXFAKEsnSwBLEmVdcUEoSyhLAEsQZV1xQihLJ0sASxJlXXFDKEsoS0tLEGVdcUQoSydLAEsSZV1xRShLKEsASxBlXXFGKEsnSwBLEmVdcUcoSyhLZUsQZV1xSChLJ0sASxJlXXFJKEsoSwBLEGVdcUooSydLAEsSZV1xSyhLKEt5SxBlXXFMKEsnSwBLEmVdcU0oSyhLAEsQZV1xTihLJ0sASxJlXXFPKEsoS+5LEGVdcVAoSyJLAEsSZV1xUShLKEtoSxBlXXFSKEskSwBLEWVdcVMoS0pLAEsSZV1xVChLKEsASxFlXXFVKEsnSwBLEmVdcVYoSyhL0ksQZV1xVyhLJEsASxFlXXFYKEswSwFLEmVdcVkoSyhLAEsRZV1xWihLLEsASxJlXXFbKEsoS+FLEGVdcVwoSydLAEsSZV1xXShLKEsdSxBlXXFeKEsiSwBLEmVdcV8oSyhLQEsQZV1xYChLJEsASxFlXXFhKEtFSwBLEmVdcWIoSyhLAEsRZV1xYyhLLEsASxJlXXFkKEsoS0tLEGVdcWUoSydLAEsSZV1xZihLKEsASxBlXXFnKEsiSwBLEmVdcWgoSyhLAEsQZV1xaShLJEsASxFlXXFqKEtFSwBLEmVdcWsoSyhLAEsRZV1xbChLJ0sASxJlXXFtKEsoS9JLEGVdcW4oSyRLAEsRZV1xbyhLJEsvSxJlXXFwKEsASwBLEWVdcXEoSyNLWksSZV1xcihLIEsASwVlXXFzKEsjS1pLBmVdcXQoS/9L/0sSZV1xdShLoEsASwVlXXF2KEv/S/9LBmVdcXcoS/9L/0sSZV1xeChLqEsASxFlXXF5KEssSwBLEmVdcXooS6hLpUsQZV1xeyhLJ0sASxJlXXF8KEuoS7FLEGVdcX0oSyJLAEsSZV1xfihLqEswSxBlXXF/KEukSwBLBWVdcYAoS+JL6UsSZV1xgShLqEsASxFlXXGCKEssSwBLEmVdcYMoS6hLpUsQZV1xhChLJ0sASxJlXXGFKEuoS7JLEGVdcYYoSyJLAEsSZV1xhyhLqEtwSxBlXXGIKEukSwBLBWVdcYkoS91L6UsSZV1xiihLqEsASwVlXXGLKEssSwBLEmVdcYwoS6hLpUsEZV1xjShLJ0sASxJlXXGOKEuoS7NLBGVdcY8oSyJLAEsSZV1xkChLqEuISxBlXXGRKEukSwBLBWVdcZIoS+JL6UsSZV1xkyhLqEsASwVlXXGUKEssSwBLEmVdcZUoS6hLpUsEZV1xlihLJ0sASxJlXXGXKEuoS7RLEGVdcZgoSyJLAEsSZV1xmShLqEvwSxBlXXGaKEukSwBLBWVdcZsoS+JL6UsSZV1xnChLqEsASxFlXXGdKEssSwBLEmVdcZ4oS6hLpUsQZV1xnyhLJ0sASxJlXXGgKEuoS7VLEGVdcaEoSyJLAEsSZV1xoihLqEsISxBlXXGjKEukSwBLBWVdcaQoS+JL6UsSZV1xpShLqEsASwVlXXGmKEssSwBLEmVdcacoS6hLpUsEZV1xqChLJ0sASxJlXXGpKEuoS7ZLBGVdcaooSyJLAEsSZV1xqyhLqEtISxBlXXGsKEukSwBLBWVdca0oS91L6UsSZV1xrihLqEsASxFlXXGvKEssSwBLEmVdcbAoS6hLpUsQZV1xsShLJ0sASxJlXXGyKEuoS7dLEGVdcbMoSyJLAEsSZV1xtChLqEuwSxBlXXG1KEukSwBLBWVdcbYoS+JL6UsSZV1xtyhLqEsASxFlXXG4KEssSwBLEmVdcbkoS6hLpUsQZV1xuihLJ0sASxJlXXG7KEuoS7hLEGVdcbwoSyJLAEsSZV1xvShLqEu4SxBlXXG+KEukSwBLBWVdcb8oS+JL6UsSZV1xwChLqEsASxFlXXHBKEssSwBLEmVdccIoS6hLpUsQZV1xwyhLJ0sASxJlXXHEKEuoS7lLEGVdccUoSyJLAEsSZV1xxihLqEtASxBlXXHHKEukSwBLBWVdccgoS+JL6UsSZV1xyShLqEsASxFlXXHKKEssSwBLEmVdccsoS6hLpUsQZV1xzChLJ0sASxJlXXHNKEuoS7pLEGVdcc4oSyJLAEsSZV1xzyhLqEsASxBlXXHQKEukSwBLBWVdcdEoS91L6UsSZV1x0ihLqEsASxFlXXHTKEssSwBLEmVdcdQoS6hLpUsQZV1x1ShLJ0sASxJlXXHWKEuoS7tLEGVdcdcoSyJLAEsSZV1x2ChLqEv4SxBlXXHZKEukSwBLBWVdcdooS+JL6UsSZV1x2yhLqEsASwVlXXHcKEssSwBLEmVdcd0oS6hLpUsEZV1x3ihLJ0sASxJlXXHfKEuoS7xLBGVdceAoSyJLAEsSZV1x4ShLqEuASxBlXXHiKEukSwBLBWVdceMoS+JL6UsSZV1x5ChLqEsASwVlXXHlKEssSwBLEmVdceYoS6hLpUsEZV1x5yhLJ0sASxJlXXHoKEuoS71LBGVdcekoSyJLAEsSZV1x6ihLqEt4SxBlXXHrKEukSwBLBWVdcewoS+JL6UsSZV1x7ShLqEsASxFlXXHuKEssSwBLEmVdce8oS6hLpUsQZV1x8ChLJ0sASxJlXXHxKEuoS75LEGVdcfIoSyJLAEsSZV1x8yhLqEs4SxBlXXH0KEukSwBLBWVdcfUoS91L6UsSZV1x9ihLqEsASwVlXXH3KEssSwBLEmVdcfgoS6hLpUsEZV1x+ShLVEsASxJlXXH6KEuoS79LEGVdcfsoS6tLwEsQZV1x/ChLoUsASwVlXXH9KEvXS+lLEmVdcf4oS6hLAEsFZV1x/yhLLEsAS5JlXXIAAQAAKEuoS6VLhGVlLg=='
320,125,KeepKey,b'gANdcQAoXXEBKEsgSwBLAWVdcQIoS+dLAEsCZV1xAyhLKEsASwFlXXEEKEssSwBLAmVdcQUoSyhLLUsAZV1xBihLJ0sASwJlXXEHKEsoSx9LAGVdcQgoSyJLAEsCZV1xCShLKEv4SwBlXXEKKEskSwBLAWVdcQsoS0VLAEsCZV1xDChLKEsASwFlXXENKEssSwBLAmVdcQ4oSyhLw0sAZV1xDyhLJ0sASwJlXXEQKEsoS4BLEGVdcREoSydLAEsSZV1xEihLKEsGSxBlXXETKEsnSwBLEmVdcRQoSyhLAksQZV1xFShLJ0sASxJlXXEWKEsoSwNLEGVdcRcoSydLAEsSZV1xGChLKEsJSxBlXXEZKEsnSwBLEmVdcRooSyhLBEsQZV1xGyhLJ0sASxJlXXEcKEsoSwBLEGVdcR0oSydLAEsSZV1xHihLKEsQSxBlXXEfKEsnSwBLEmVdcSAoSyhL10sQZV1xIShLIksASxJlXXEiKEsoS+dLEGVdcSMoSyRLAEsRZV1xJChLSksASxJlXXElKEsoSwBLEWVdcSYoSydLAEsSZV1xJyhLKEvSSxBlXXEoKEskSwBLEWVdcSkoS55LAUsSZV1xKihLKEsASxFlXXErKEssSwBLEmVdcSwoSyhLaUsQZV1xLShLJ0sASxJlXXEuKEsoSx9LEGVdcS8oSyJLAEsSZV1xMChLKEv4SxBlXXExKEskSwBLEWVdcTIoS0pLAEsSZV1xMyhLKEsASxFlXXE0KEsnSwBLEmVdcTUoSyhLWksQZV1xNihLJEsASxFlXXE3KEv6SwRLEmVdcTgoSyhLAEsRZV1xOShLLEsASxJlXXE6KEsoS2lLEGVdcTsoSydLAEsSZV1xPChLKEsfSxBlXXE9KEsiSwBLEmVdcT4oSyhL+EsQZV1xPyhLJEsASxFlXXFAKEtPSwBLEmVdcUEoSyhLAEsRZV1xQihLLEsASxJlXXFDKEsoS0tLEGVdcUQoSydLAEsSZV1xRShLKEsQSxBlXXFGKEsnSwBLEmVdcUcoSyhLA0sQZV1xSChLJ0sASxJlXXFJKEsoS0tLEGVdcUooSydLAEsSZV1xSyhLKEsASxBlXXFMKEsnSwBLEmVdcU0oSyhLZUsQZV1xTihLJ0sASxJlXXFPKEsoSwBLEGVdcVAoSydLAEsSZV1xUShLKEtlSxBlXXFSKEsnSwBLEmVdcVMoSyhLAEsQZV1xVChLJ0sASxJlXXFVKEsoS3BLEGVdcVYoSydLAEsSZV1xVyhLKEsASxBlXXFYKEsnSwBLEmVdcVkoSyhLS0sQZV1xWihLJ0sASxJlXXFbKEsoSwBLEGVdcVwoSydLAEsSZV1xXShLKEtlSxBlXXFeKEsnSwBLEmVdcV8oSyhLAEsQZV1xYChLJ0sASxJlXXFhKEsoS3lLEGVdcWIoSydLAEsSZV1xYyhLKEsASxBlXXFkKEsnSwBLEmVdcWUoSyhL7ksQZV1xZihLIksASxJlXXFnKEsoS2hLEGVdcWgoSyRLAEsRZV1xaShLRUsASxJlXXFqKEsoSwBLEWVdcWsoSydLAEsSZV1xbChLKEvSSxBlXXFtKEskSwBLEWVdcW4oSzpLAUsSZV1xbyhLKEsASxFlXXFwKEssSwBLEmVdcXEoSyhL4UsQZV1xcihLT0sASxJlXXFzKEsoSx9LEGVdcXQoSytL+EsQZV1xdShLIUsASxFlXXF2KEtESwBLEmVdcXcoSyhLAEsRZV1xeChLLEsASxJlXXF5KEsoS0tLEGVdcXooSydLAEsSZV1xeyhLKEsASxBlXXF8KEsiSwBLEmVdcX0oSyhLAEsQZV1xfihLJEsASxFlXXF/KEtKSwBLEmVdcYAoSyhLAEsRZV1xgShLJ0sASxJlXXGCKEsoS9JLEGVdcYMoSyRLAEsRZV1xhChL/0sJSxJlXXGFKEsoSwBLEWVdcYYoSyxLAEsSZV1xhyhLKEulSxBlXXGIKEsnSwBLEmVdcYkoSyhLAUsQZV1xiihLIksASxJlXXGLKEsoS8FLEGVdcYwoSyRLAEsRZV1xjShLYEsmSxJlXXGOKEsASwBLEWVdcY8oS0tLVEsSZV1xkChLIEsASwVlXXGRKEtLS1RLBmVdcZIoS/9L/0sSZV1xkyhLoEsASwVlXXGUKEv/S/9LBmVdcZUoS/9L/0sSZV1xlihLqEsASxFlXXGXKEssSwBLEmVdcZgoS6hLpUsQZV1xmShLJ0sASxJlXXGaKEuoS+lLEGVdcZsoSyJLAEsSZV1xnChLqEsOSxBlXXGdKEukSwBLBWVdcZ4oS+JL6UsSZV1xnyhLqEsASwVlXXGgKEssSwBLEmVdcaEoS6hLpUsEZV1xoihLJ0sASxJlXXGjKEuoS+pLBGVdcaQoSyJLAEsSZV1xpShLqEtOSxBlXXGmKEukSwBLBWVdcacoS91L6UsSZV1xqChLqEsASwVlXXGpKEssSwBLEmVdcaooS6hLpUsEZV1xqyhLJ0sASxJlXXGsKEuoS+tLBGVdca0oSyJLAEsSZV1xrihLqEu2SxBlXXGvKEukSwBLBWVdcbAoS+JL6UsSZV1xsShLqEsASxFlXXGyKEssSwBLEmVdcbMoS6hLpUsQZV1xtChLJ0sASxJlXXG1KEuoS+xLEGVdcbYoSyJLAEsSZV1xtyhLqEvOSxBlXXG4KEukSwBLEWVdcbkoS+JL6UsSZV1xuihLqEsASxFlXXG7KEssSwBLEmVdcbwoS6hLpUsQZV1xvShLJ0sASxJlXXG+KEuoS+1LEGVdcb8oSyJLAEsSZV1xwChLqEs2SxBlXXHBKEukSwBLBWVdccIoS+JL6UsSZV1xwyhLqEsASwVlXXHEKEssSwBLEmVdccUoS6hLpUsEZV1xxihLJ0sASxJlXXHHKEuoS+5LBGVdccgoSyJLAEsSZV1xyShLqEt2SxBlXXHKKEukSwBLBWVdccsoS91L6UsSZV1xzChLqEsASwVlXXHNKEssSwBLEmVdcc4oS6hLpUsEZV1xzyhLJ0sASxJlXXHQKEuoS+9LBGVdcdEoSyJLAEsSZV1x0ihLqEuOSxBlXXHTKEukSwBLBWVdcdQoS+JL6UsSZV1x1ShLqEsASxFlXXHWKEssSwBLEmVdcdcoS6hLpUsQZV1x2ChLJ0sASxJlXXHZKEuoS/BLEGVdcdooSyJLAEsSZV1x2yhLqEtmSxBlXXHcKEukSwBLBWVdcd0oS+JL6UsSZV1x3ihLqEsASwVlXXHfKEssSwBLEmVdceAoS6hLpUsEZV1x4ShLJ0sASxJlXXHiKEuoS/FLBGVdceMoSyJLAEsSZV1x5ChLqEueSxBlXXHlKEukSwBLBWVdceYoS+JL6UsSZV1x5yhLqEsASwVlXXHoKEssSwBLEmVdcekoS6hLpUsEZV1x6ihLJ0sASxJlXXHrKEuoS/JLBGVdcewoSyJLAEsSZV1x7ShLqEveSxBlXXHuKEukSwBLBWVdce8oS91L6UsSZV1x8ChLqEsASwVlXXHxKEssSwBLEmVdcfIoS6hLpUsEZV1x8yhLJ0sASxJlXXH0KEuoS/NLBGVdcfUoSyJLAEsSZV1x9ihLqEsmSxBlXXH3KEukSwBLBWVdcfgoS+JL6UuSZV1x+ShLqEsAS5FlXXH6KEssSwBLkmVdcfsoS6hLpUuQZV1x/ChLJ0sAS5JlXXH9KEuoS/RLkGVdcf4oSyJLAEuSZV1x/yhLqEteS5BlXXIAAQAAKEukSwBLhWVlLg=='
1404,143,KeepKey,b'gANdcQAoXXEBKEsgSwBLEWVdcQIoS3tLAEsSZV1xAyhLKEsASxFlXXEEKEssSwBLEmVdcQUoSyhLaUsQZV1xBihLJ0sASxJlXXEHKEsoSyFLEGVdcQgoSyJLAEsSZV1xCShLKEtgSxBlXXEKKEskSwBLEWVdcQsoS0VLAEsSZV1xDChLKEsASxFlXXENKEsnSwBLEmVdcQ4oSyhLWksQZV1xDyhLJEsASxFlXXEQKEvhSwRLEmVdcREoSyhLAEsRZV1xEihLLEsASxJlXXETKEsoS2lLEGVdcRQoSydLAEsSZV1xFShLKEshSxBlXXEWKEsiSwBLEmVdcRcoSyhLYEsQZV1xGChLJEsASxFlXXEZKEtKSwBLEmVdcRooSyhLAEsRZV1xGyhLJ0sASxJlXXEcKEsoS1pLEGVdcR0oSyRLAEsRZV1xHihL5ksESxJlXXEfKEsoSwBLEWVdcSAoSyxLAEsSZV1xIShLKEtpSxBlXXEiKEsnSwBLEmVdcSMoSyhLIUsQZV1xJChLIksASxJlXXElKEsoS2BLEGVdcSYoSyRLAEsRZV1xJyhLT0sASxJlXXEoKEsoSwBLEWVdcSkoSyxLAEsSZV1xKihLKEtLSxBlXXErKEsnSwBLEmVdcSwoSyhLEEsQZV1xLShLJ0sASxJlXXEuKEsoSwNLEGVdcS8oSydLAEsSZV1xMChLKEtLSxBlXXExKEsnSwBLEmVdcTIoSyhLAEsQZV1xMyhLJ0sASxJlXXE0KEsoS2VLEGVdcTUoSydLAEsSZV1xNihLKEsASxBlXXE3KEsnSwBLEmVdcTgoSyhLZUsQZV1xOShLJ0sASxJlXXE6KEsoSwBLEGVdcTsoSydLAEsSZV1xPChLKEtwSxBlXXE9KEsnSwBLEmVdcT4oSyhLAEsQZV1xPyhLJ0sASxJlXXFAKEsoS0tLEGVdcUEoSydLAEsSZV1xQihLKEsASxBlXXFDKEsnSwBLEmVdcUQoSyhLZUsQZV1xRShLJ0sASxJlXXFGKEsoSwBLEGVdcUcoSydLAEsSZV1xSChLKEt5SxBlXXFJKEsnSwBLEmVdcUooSyhLAEsQZV1xSyhLJ0sASxJlXXFMKEsoS+5LEGVdcU0oSyJLAEsSZV1xTihLKEtoSxBlXXFPKEskSwBLEWVdcVAoS0VLAEsSZV1xUShLKEsASxFlXXFSKEsnSwBLEmVdcVMoSyhL0ksQZV1xVChLJEsASxFlXXFVKEsrSwFLEmVdcVYoSyhLAEsRZV1xVyhLLEsASxJlXXFYKEsoS+FLEGVdcVkoSydLAEsSZV1xWihLKEshSxBlXXFbKEsiSwBLEmVdcVwoSyhLYEsQZV1xXShLJEsASxFlXXFeKEtFSwBLEmVdcV8oSyhLAEsRZV1xYChLLEsASxJlXXFhKEsoS0tLEGVdcWIoSydLAEsSZV1xYyhLKEsASxBlXXFkKEsiSwBLEmVdcWUoSyhLAEsQZV1xZihLJEsASxFlXXFnKEtKSwBLEmVdcWgoSyhLAEsRZV1xaShLJ0sASxJlXXFqKEsoS9JLEGVdcWsoSyRLAEsRZV1xbChLWEsvSxJlXXFtKEsASwBLEWVdcW4oS+ZLX0sSZV1xbyhLIEsASwVlXXFwKEvmS19LBmVdcXEoS/9L/0sSZV1xcihLoEsASwVlXXFzKEv/S/9LBmVdcXQoS/9L/0sSZV1xdShLqEsASxFlXXF2KEssSwBLEmVdcXcoS6hLpUsQZV1xeChLJ0sASxJlXXF5KEuoS/FLEGVdcXooSyJLAEsSZV1xeyhLqEvMSxBlXXF8KEukSwBLBWVdcX0oS+JL6UsSZV1xfihLqEsASxFlXXF/KEssSwBLEmVdcYAoS6hLpUsQZV1xgShLJ0sASxJlXXGCKEuoS/JLEGVdcYMoSyJLAEsSZV1xhChLqEuMSxBlXXGFKEukSwBLBWVdcYYoS91L6UsSZV1xhyhLqEsASxFlXXGIKEssSwBLEmVdcYkoS6hLpUsQZV1xiihLJ0sASxJlXXGLKEuoS/NLEGVdcYwoSyJLAEsSZV1xjShLqEt0SxBlXXGOKEukSwBLBWVdcY8oS+JL6UsSZV1xkChLqEsASxFlXXGRKEssSwBLEmVdcZIoS6hLpUsQZV1xkyhLJ0sASxJlXXGUKEuoS/RLEGVdcZUoSyJLAEsSZV1xlihLqEsMSxBlXXGXKEukSwBLEWVdcZgoS+JL6UsSZV1xmShLqEsASxFlXXGaKEssSwBLEmVdcZsoS6hLpUsQZV1xnChLJ0sASxJlXXGdKEuoS/VLEGVdcZ4oSyJLAEsSZV1xnyhLqEv0SxBlXXGgKEukSwBLBWVdcaEoS+JL6UsSZV1xoihLqEsASwVlXXGjKEssSwBLEmVdcaQoS6hLpUsEZV1xpShLJ0sASxJlXXGmKEuoS/ZLBGVdcacoSyJLAEsSZV1xqChLqEu0SxBlXXGpKEukSwBLBWVdcaooS91L6UsSZV1xqyhLqEsASwVlXXGsKEssSwBLEmVdca0oS6hLpUsEZV1xrihLJ0sASxJlXXGvKEuoS/dLBGVdcbAoSyJLAEsSZV1xsShLqEtMSxBlXXGyKEukSwBLBWVdcbMoS+JL6UsSZV1xtChLqEsASxFlXXG1KEssSwBLEmVdcbYoS6hLpUsQZV1xtyhLJ0sASxJlXXG4KEuoS/hLEGVdcbkoSyJLAEsSZV1xuihLqEtESxBlXXG7KEukSwBLBWVdcbwoS+JL6UsSZV1xvShLqEsASwVlXXG+KEssSwBLEmVdcb8oS6hLpUsEZV1xwChLJ0sASxJlXXHBKEuoS/lLEGVdccIoSyJLAEsSZV1xwyhLqEu8SxBlXXHEKEukSwBLBWVdccUoS+JL6UsSZV1xxihLqEsASwVlXXHHKEssSwBLEmVdccgoS6hLpUsEZV1xyShLJ0sASxJlXXHKKEuoS/pLBGVdccsoSytLAEsSZV1xzChLqEv8SxBlXXHNKEuhSwBLBWVdcc4oS9dL6UsSZV1xzyhLqEsASxFlXXHQKEssSwBLEmVdcdEoS6hLpUsQZV1x0ihLJ0sASxJlXXHTKEuoS/tLEGVdcdQoSyJLAEsSZV1x1ShLqEsESxBlXXHWKEukSwBLBWVdcdcoS+JL6UsSZV1x2ChLqEsASxFlXXHZKEssSwBLEmVdcdooS6hLpUsQZV1x2yhLT0sASxJlXXHcKEuoS/xLEGVdcd0oS6tLfEsQZV1x3ihLoUsASwVlXXHfKEvcS+lLEmVdceAoS6hLAEsFZV1x4ShLLEsASxJlXXHiKEuoS6VLBGVdceMoS09LAEsSZV1x5ChLqEv9SxBlXXHlKEurS4RLEGVdceYoS6FLAEsFZV1x5yhL3EvpSxJlXXHoKEuoSwBLEWVdcekoSyxLAEsSZV1x6ihLqEulSxBlXXHrKEtPSwBLEmVdcewoS6hL/ksQZV1x7ShLq0vESxBlXXHuKEuhSwBLBWVdce8oS9dL6UsSZV1x8ChLqEsASxFlXXHxKEssSwBLEmVdcfIoS6hLpUsQZV1x8yhLT0sASxJlXXH0KEuoS/9LEGVdcfUoS6tLPEsQZV1x9ihLoUsASwVlXXH3KEvcS+lLEmVdcfgoS6hLAEsFZV1x+ShLLEsASxJlXXH6KEuoS6VLBGVdcfsoSydLAEsSZV1x/ChLqEsASwRlXXH9KEsiSwBLEmVdcf4oS6hLnUsQZV1x/yhLpEsASwVlXXIAAQAAKEviS+lLkmVdcgEBAAAoS6hLAEuFZWUu'
205,125,KeepKey,b'gANdcQAoXXEBKEuoS+dLEGVdcQIoS6RLAEsRZV1xAyhLSksASxJlXXEEKEuoSwBLEWVdcQUoSxxLAEsSZV1xBihLKEsASxFlXXEHKEsKSwBLEmVdcQgoSyhL0ksQZV1xCShLJEsASxFlXXEKKEutSwFLEmVdcQsoSyhLAEsRZV1xDChLLEsASxJlXXENKEsoS2lLEGVdcQ4oSydLAEsSZV1xDyhLKEsjSxBlXXEQKEsiSwBLEmVdcREoSyhL2EsQZV1xEihLJEsASxFlXXETKEtFSwBLEmVdcRQoSyhLAEsRZV1xFShLJ0sASxJlXXEWKEsoS1pLEGVdcRcoSyRLAEsRZV1xGChL/0sESxJlXXEZKEsoSwBLEWVdcRooSyxLAEsSZV1xGyhLKEtpSxBlXXEcKEsnSwBLEmVdcR0oSyhLI0sQZV1xHihLIksASxJlXXEfKEsoS9hLEGVdcSAoSyRLAEsRZV1xIShLRUsASxJlXXEiKEsoSwBLEWVdcSMoSydLAEsSZV1xJChLKEtaSxBlXXElKEskSwBLEWVdcSYoS+tLBEsSZV1xJyhLKEsASxFlXXEoKEssSwBLEmVdcSkoSyhLaUsQZV1xKihLJ0sASxJlXXErKEsoSyNLEGVdcSwoSyJLAEsSZV1xLShLKEvYSxBlXXEuKEskSwBLEWVdcS8oS09LAEsSZV1xMChLKEsASxFlXXExKEssSwBLEmVdcTIoSyhLS0sQZV1xMyhLJ0sASxJlXXE0KEsoSxBLEGVdcTUoSydLAEsSZV1xNihLKEsDSxBlXXE3KEsnSwBLEmVdcTgoSyhLS0sQZV1xOShLJ0sASxJlXXE6KEsoSwBLEGVdcTsoSydLAEsSZV1xPChLKEtlSxBlXXE9KEsnSwBLEmVdcT4oSyhLAEsQZV1xPyhLJ0sASxJlXXFAKEsoS2VLEGVdcUEoSydLAEsSZV1xQihLKEsASxBlXXFDKEsnSwBLEmVdcUQoSyhLcEsQZV1xRShLJ0sASxJlXXFGKEsoSwBLEGVdcUcoSydLAEsSZV1xSChLKEtLSxBlXXFJKEsnSwBLEmVdcUooSyhLAEsQZV1xSyhLJ0sASxJlXXFMKEsoS2VLEGVdcU0oSydLAEsSZV1xTihLKEsASxBlXXFPKEsnSwBLEmVdcVAoSyhLeUsQZV1xUShLJ0sASxJlXXFSKEsoSwBLEGVdcVMoSydLAEsSZV1xVChLKEvuSxBlXXFVKEsiSwBLEmVdcVYoSyhLaEsQZV1xVyhLJEsASxFlXXFYKEtKSwBLEmVdcVkoSyhLAEsRZV1xWihLJ0sASxJlXXFbKEsoS9JLEGVdcVwoSyRLAEsRZV1xXShLTksBSxJlXXFeKEsoSwBLEWVdcV8oSyxLAEsSZV1xYChLKEvhSxBlXXFhKEsnSwBLEmVdcWIoSyhLI0sQZV1xYyhLIksASxJlXXFkKEsoS9hLEGVdcWUoSyRLAEsRZV1xZihLRUsASxJlXXFnKEsoSwBLEWVdcWgoSyxLAEsSZV1xaShLKEtLSxBlXXFqKEsnSwBLEmVdcWsoSyhLAEsQZV1xbChLIksASxJlXXFtKEsoSwBLEGVdcW4oSyRLAEsRZV1xbyhLRUsASxJlXXFwKEsoSwBLEWVdcXEoSydLAEsSZV1xcihLKEvSSxBlXXFzKEskSwBLEWVdcXQoS8VLgksSZV1xdShLIEsASwVlXXF2KEvFS4JLBmVdcXcoS/9L/0sSZV1xeChLoEsASwVlXXF5KEv/S/9LBmVdcXooS/9L/0sSZV1xeyhLqEsASxFlXXF8KEssSwBLEmVdcX0oS6hLpUsQZV1xfihLJ0sASxJlXXF/KEuoSwFLEGVdcYAoSyJLAEsSZV1xgShLqEuTSxBlXXGCKEukSwBLBWVdcYMoS91L6UsSZV1xhChLqEsASxFlXXGFKEssSwBLEmVdcYYoS6hLpUsQZV1xhyhLJ0sASxJlXXGIKEuoSwJLEGVdcYkoSyJLAEsSZV1xiihLqEvTSxBlXXGLKEukSwBLBWVdcYwoS+JL6UsSZV1xjShLqEsASwVlXXGOKEssSwBLEmVdcY8oS6hLpUsEZV1xkChLJ0sASxJlXXGRKEuoSwNLBGVdcZIoSyJLAEsSZV1xkyhLqEsrSxBlXXGUKEukSwBLBWVdcZUoS+JL6UsSZV1xlihLqEsASxFlXXGXKEssSwBLEmVdcZgoS6hLpUsQZV1xmShLJ0sASxJlXXGaKEuoSwRLEGVdcZsoSyJLAEsSZV1xnChLqEtTSxBlXXGdKEukSwBLBWVdcZ4oS+JL6UsSZV1xnyhLqEsASwVlXXGgKEssSwBLEmVdcaEoS6hLpUsEZV1xoihLJ0sASxJlXXGjKEuoSwVLBGVdcaQoSyJLAEsSZV1xpShLqEurSxBlXXGmKEukSwBLBWVdcacoS91L6UsSZV1xqChLqEsASwVlXXGpKEssSwBLEmVdcaooS6hLpUsEZV1xqyhLJ0sASxJlXXGsKEuoSwZLBGVdca0oSyJLAEsSZV1xrihLqEvrSxBlXXGvKEukSwBLBWVdcbAoS+JL6UsSZV1xsShLqEsASwVlXXGyKEssSwBLEmVdcbMoS6hLpUsEZV1xtChLJ0sASxJlXXG1KEuoSwdLBGVdcbYoSyJLAEsSZV1xtyhLqEsTSxBlXXG4KEukSwBLBWVdcbkoS+JL6UsSZV1xuihLqEsASxFlXXG7KEssSwBLEmVdcbwoS6hLpUsQZV1xvShLJ0sASxJlXXG+KEuoSwhLEGVdcb8oSyJLAEsSZV1xwChLqEsbSxBlXXHBKEukSwBLBWVdccIoS+JL6UsSZV1xwyhLqEsASwVlXXHEKEssSwBLEmVdccUoS6hLpUsEZV1xxihLJ0sASxJlXXHHKEuoSwlLBGVdccgoSyJLAEsSZV1xyShLqEvjSxBlXXHKKEukSwBLBWVdccsoS91L6UsSZV1xzChLqEsASwVlXXHNKEssSwBLEmVdcc4oS6hLpUsEZV1xzyhLJ0sASxJlXXHQKEuoSwpLBGVdcdEoSyJLAEsSZV1x0ihLqEujSxBlXXHTKEukSwBLBWVdcdQoS+JL6UsSZV1x1ShLqEsASxFlXXHWKEssSwBLEmVdcdcoS6hLpUsQZV1x2ChLJ0sASxJlXXHZKEuoSwtLEGVdcdooSyJLAEsSZV1x2yhLqEtbSxBlXXHcKEukSwBLBWVdcd0oS+JL6UsSZV1x3ihLqEsASwVlXXHfKEssSwBLEmVdceAoS6hLpUsEZV1x4ShLJ0sASxJlXXHiKEuoSwxLBGVdceMoSyJLAEsSZV1x5ChLqEsjSxBlXXHlKEukSwBLBWVdceYoS+JL6UsSZV1x5yhLqEsASwVlXXHoKEssSwBLEmVdcekoS6hLpUsEZV1x6ihLJ0sASxJlXXHrKEuoSw1LBGVdcewoSyJLAEsSZV1x7ShLqEvbSxBlXXHuKEukSwBLBWVdce8oS91L6UuSZV1x8ChLqEsAS5FlXXHxKEssSwBLkmVdcfIoS6hLpUuQZV1x8yhLJ0sAS5JlXXH0KEuoSw5LkGVdcfUoSyJLAEuSZV1x9ihLqEubS5BlXXH3KEukSwBLkWVdcfgoS+JL6UuSZV1x+ShLqEsAS5FlXXH6KEssSwBLkmVdcfsoS6hLpUuQZV1x/ChLJ0sAS5JlXXH9KEuoSw9LkGVdcf4oSyJLAEuSZV1x/yhLqEtjS5BlXXIAAQAAKEukSwBLhWVlLg=='
980,133,KeepKey,b'gANdcQAoXXEBKEsgSwBLEWVdcQIoS/hLAEsSZV1xAyhLKEsASxFlXXEEKEssSwBLEmVdcQUoSyhLaUsQZV1xBihLJ0sASxJlXXEHKEsoSyVLEGVdcQgoSyJLAEsSZV1xCShLKEtYSxBlXXEKKEskSwBLEWVdcQsoS0pLAEsSZV1xDChLKEsASxFlXXENKEsnSwBLEmVdcQ4oSyhLWksQZV1xDyhLJEsASxFlXXEQKEvhSwRLEmVdcREoSyhLAEsRZV1xEihLLEsASxJlXXETKEsoS2lLEGVdcRQoSydLAEsSZV1xFShLKEslSxBlXXEWKEsiSwBLEmVdcRcoSyhLWEsQZV1xGChLJEsASxFlXXEZKEtFSwBLEmVdcRooSyhLAEsRZV1xGyhLJ0sASxJlXXEcKEsoS1pLEGVdcR0oSyRLAEsRZV1xHihL60sESxJlXXEfKEsoSwBLEWVdcSAoSyxLAEsSZV1xIShLKEtpSxBlXXEiKEsnSwBLEmVdcSMoSyhLJUsQZV1xJChLIksASxJlXXElKEsoS1hLEGVdcSYoSyRLAEsRZV1xJyhLT0sASxJlXXEoKEsoSwBLEWVdcSkoSyxLAEsSZV1xKihLKEtLSxBlXXErKEsnSwBLEmVdcSwoSyhLEEsQZV1xLShLJ0sASxJlXXEuKEsoSwNLEGVdcS8oSydLAEsSZV1xMChLKEtLSxBlXXExKEsnSwBLEmVdcTIoSyhLAEsQZV1xMyhLJ0sASxJlXXE0KEsoS2VLEGVdcTUoSydLAEsSZV1xNihLKEsASxBlXXE3KEsnSwBLEmVdcTgoSyhLZUsQZV1xOShLJ0sASxJlXXE6KEsoSwBLEGVdcTsoSydLAEsSZV1xPChLKEtwSxBlXXE9KEsnSwBLEmVdcT4oSyhLAEsQZV1xPyhLJ0sASxJlXXFAKEsoS0tLEGVdcUEoSydLAEsSZV1xQihLKEsASxBlXXFDKEsnSwBLEmVdcUQoSyhLZUsQZV1xRShLJ0sASxJlXXFGKEsoSwBLEGVdcUcoSydLAEsSZV1xSChLKEt5SxBlXXFJKEsnSwBLEmVdcUooSyhLAEsQZV1xSyhLJ0sASxJlXXFMKEsoS+5LEGVdcU0oSyJLAEsSZV1xTihLKEtoSxBlXXFPKEskSwBLEWVdcVAoS0VLAEsSZV1xUShLKEsASxFlXXFSKEsnSwBLEmVdcVMoSyhL0ksQZV1xVChLJEsASxFlXXFVKEsrSwFLEmVdcVYoSyhLAEsRZV1xVyhLLEsASxJlXXFYKEsoS+FLEGVdcVkoSydLAEsSZV1xWihLKEslSxBlXXFbKEsiSwBLEmVdcVwoSyhLWEsQZV1xXShLJEsASxFlXXFeKEtFSwBLEmVdcV8oSyhLAEsRZV1xYChLLEsASxJlXXFhKEsoS0tLEGVdcWIoSydLAEsSZV1xYyhLKEsASxBlXXFkKEsiSwBLEmVdcWUoSyhLAEsQZV1xZihLJEsASxFlXXFnKEtKSwBLEmVdcWgoSyhLAEsRZV1xaShLJ0sASxJlXXFqKEsoS9JLEGVdcWsoSyRLAEsRZV1xbChLw0svSxJlXXFtKEsASwBLEWVdcW4oS01LWUsSZV1xbyhLIEsASwVlXXFwKEtNS1lLBmVdcXEoS/9L/0sSZV1xcihLoEsASwVlXXFzKEv/S/9LBmVdcXQoS/9L/0sSZV1xdShLqEsASwVlXXF2KEssSwBLEmVdcXcoS6hLpUsEZV1xeChLJ0sASxJlXXF5KEuoSw1LBGVdcXooSyJLAEsSZV1xeyhLqEuJSxBlXXF8KEukSwBLBWVdcX0oS91L6UsSZV1xfihLqEsASxFlXXF/KEssSwBLEmVdcYAoS6hLpUsQZV1xgShLJ0sASxJlXXGCKEuoSw5LEGVdcYMoSyJLAEsSZV1xhChLqEvJSxBlXXGFKEukSwBLEWVdcYYoS+JL6UsSZV1xhyhLqEsASxFlXXGIKEssSwBLEmVdcYkoS6hLpUsQZV1xiihLJ0sASxJlXXGLKEuoSw9LEGVdcYwoSyJLAEsSZV1xjShLqEsxSxBlXXGOKEukSwBLBWVdcY8oS+JL6UsSZV1xkChLqEsASwVlXXGRKEssSwBLEmVdcZIoS6hLpUsEZV1xkyhLJ0sASxJlXXGUKEuoSxBLBGVdcZUoSyJLAEsSZV1xlihLqEvZSxBlXXGXKEukSwBLBWVdcZgoS+JL6UsSZV1xmShLqEsASwVlXXGaKEssSwBLEmVdcZsoS6hLpUsEZV1xnChLJ0sASxJlXXGdKEuoSxFLBGVdcZ4oSyJLAEsSZV1xnyhLqEshSxBlXXGgKEukSwBLBWVdcaEoS91L6UsSZV1xoihLqEsASxFlXXGjKEssSwBLEmVdcaQoS6hLpUsQZV1xpShLJ0sASxJlXXGmKEuoSxJLEGVdcacoSyJLAEsSZV1xqChLqEthSxBlXXGpKEukSwBLBWVdcaooS+JL6UsSZV1xqyhLqEsASwVlXXGsKEssSwBLEmVdca0oS6hLpUsEZV1xrihLJ0sASxJlXXGvKEuoSxNLBGVdcbAoSyJLAEsSZV1xsShLqEuZSxBlXXGyKEukSwBLBWVdcbMoS+JL6UsSZV1xtChLqEsASxFlXXG1KEssSwBLEmVdcbYoS6hLpUsQZV1xtyhLJ0sASxJlXXG4KEuoSxRLEGVdcbkoSyJLAEsSZV1xuihLqEvhSxBlXXG7KEukSwBLBWVdcbwoS+JL6UsSZV1xvShLqEsASxFlXXG+KEssSwBLEmVdcb8oS6hLpUsQZV1xwChLJ0sASxJlXXHBKEuoSxVLEGVdccIoSyJLAEsSZV1xwyhLqEsZSxBlXXHEKEukSwBLEWVdccUoS91L6UsSZV1xxihLqEsASxFlXXHHKEssSwBLEmVdccgoS6hLpUsQZV1xyShLJ0sASxJlXXHKKEuoSxZLEGVdccsoSyJLAEsSZV1xzChLqEtZSxBlXXHNKEukSwBLBWVdcc4oS+JL6UsSZV1xzyhLqEsASwVlXXHQKEssSwBLEmVdcdEoS6hLpUsEZV1x0ihLJ0sASxJlXXHTKEuoSxdLEGVdcdQoSyJLAEsSZV1x1ShLqEuhSxBlXXHWKEukSwBLBWVdcdcoS+JL6UsSZV1x2ChLqEsASwVlXXHZKEssSwBLEmVdcdooS6hLpUsEZV1x2yhLJ0sASxJlXXHcKEuoSxhLBGVdcd0oSyJLAEsSZV1x3ihLqEupSxBlXXHfKEukSwBLBWVdceAoS+JL6UsSZV1x4ShLqEsASxFlXXHiKEssSwBLEmVdceMoS6hLpUsQZV1x5ChLJ0sASxJlXXHlKEuoSxlLEGVdceYoSyJLAEsSZV1x5yhLqEtRSxBlXXHoKEukSwBLEWVdcekoS91L6UsSZV1x6ihLqEsASxFlXXHrKEssSwBLEmVdcewoS6hLpUsQZV1x7ShLJ0sASxJlXXHuKEuoSxpLEGVdce8oSyJLAEsSZV1x8ChLqEsRSxBlXXHxKEukSwBLBWVdcfIoS+JL6UsSZV1x8yhLqEsASxFlXXH0KEssSwBLEmVdcfUoS6hLpUsQZV1x9ihLJ0sASxJlXXH3KEuoSxtLEGVdcfgoSyJLAEsSZV1x+ShLqEvpSxBlXXH6KEukSwBLBWVdcfsoS+JL6UsSZV1x/ChLqEsASwVlXXH9KEssSwBLEmVdcf4oS6hLpUsEZV1x/yhLJ0sAS5JlXXIAAQAAKEuoSxxLhGVlLg=='
916,144,KeepKey,b'gANdcQAoXXEBKEsgSwBLEWVdcQIoS/tLAEsSZV1xAyhLKEsASxFlXXEEKEssSwBLEmVdcQUoSyhLaUsQZV1xBihLJ0sASxJlXXEHKEsoSydLEGVdcQgoSyJLAEsSZV1xCShLKEvgSxBlXXEKKEskSwBLEWVdcQsoS0VLAEsSZV1xDChLKEsASxFlXXENKEsnSwBLEmVdcQ4oSyhLWksQZV1xDyhLJEsASxFlXXEQKEsYSwVLEmVdcREoSyhLAEsRZV1xEihLLEsASxJlXXETKEsoS2lLEGVdcRQoSydLAEsSZV1xFShLKEsnSxBlXXEWKEsiSwBLEmVdcRcoSyhL4EsQZV1xGChLJEsASxFlXXEZKEtKSwBLEmVdcRooSyhLAEsRZV1xGyhLJ0sASxJlXXEcKEsoS1pLEGVdcR0oSyRLAEsRZV1xHihL5ksESxJlXXEfKEsoSwBLEWVdcSAoSyxLAEsSZV1xIShLKEtpSxBlXXEiKEsnSwBLEmVdcSMoSyhLJ0sQZV1xJChLIksASxJlXXElKEsoS+BLEGVdcSYoSyRLAEsRZV1xJyhLT0sASxJlXXEoKEsoSwBLEWVdcSkoSyxLAEsSZV1xKihLKEtLSxBlXXErKEsnSwBLEmVdcSwoSyhLEEsQZV1xLShLJ0sASxJlXXEuKEsoSwNLEGVdcS8oSydLAEsSZV1xMChLKEtLSxBlXXExKEsnSwBLEmVdcTIoSyhLAEsQZV1xMyhLJ0sASxJlXXE0KEsoS2VLEGVdcTUoSydLAEsSZV1xNihLKEsASxBlXXE3KEsnSwBLEmVdcTgoSyhLZUsQZV1xOShLJ0sASxJlXXE6KEsoSwBLEGVdcTsoSydLAEsSZV1xPChLKEtwSxBlXXE9KEsnSwBLEmVdcT4oSyhLAEsQZV1xPyhLJ0sASxJlXXFAKEsoS0tLEGVdcUEoSydLAEsSZV1xQihLKEsASxBlXXFDKEsnSwBLEmVdcUQoSyhLZUsQZV1xRShLJ0sASxJlXXFGKEsoSwBLEGVdcUcoSydLAEsSZV1xSChLKEt5SxBlXXFJKEsnSwBLEmVdcUooSyhLAEsQZV1xSyhLJ0sASxJlXXFMKEsoS+5LEGVdcU0oSyJLAEsSZV1xTihLKEtoSxBlXXFPKEskSwBLEWVdcVAoS0VLAEsSZV1xUShLKEsASxFlXXFSKEsnSwBLEmVdcVMoSyhL0ksQZV1xVChLJEsASxFlXXFVKEtOSwFLEmVdcVYoSyhLAEsRZV1xVyhLLEsASxJlXXFYKEsoS+FLEGVdcVkoS09LAEsSZV1xWihLKEsnSxBlXXFbKEsrS+BLEGVdcVwoSyFLAEsRZV1xXShLREsASxJlXXFeKEsoSwBLEWVdcV8oSyxLAEsSZV1xYChLKEtLSxBlXXFhKEsnSwBLEmVdcWIoSyhLAEsQZV1xYyhLIksASxJlXXFkKEsoSwBLEGVdcWUoSyRLAEsRZV1xZihLSksASxJlXXFnKEsoSwBLEWVdcWgoSydLAEsSZV1xaShLKEvSSxBlXXFqKEskSwBLEWVdcWsoSwpLLksSZV1xbChLAEsASxFlXXFtKEuxS2FLEmVdcW4oSyBLAEsFZV1xbyhLsUthSwZlXXFwKEv/S/9LEmVdcXEoS6BLAEsFZV1xcihL/0v/SwZlXXFzKEv/S/9LEmVdcXQoS6hLAEsFZV1xdShLLEsASxJlXXF2KEuoS6VLBGVdcXcoSydLAEsSZV1xeChLqEsZSwRlXXF5KEsiSwBLEmVdcXooS6hLp0sQZV1xeyhLpEsASwVlXXF8KEviS+lLEmVdcX0oS6hLAEsRZV1xfihLLEsASxJlXXF/KEuoS6VLEGVdcYAoSydLAEsSZV1xgShLqEsaSxBlXXGCKEsiSwBLEmVdcYMoS6hL50sQZV1xhChLpEsASwVlXXGFKEviS+lLEmVdcYYoS6hLAEsFZV1xhyhLLEsASxJlXXGIKEuoS6VLBGVdcYkoSydLAEsSZV1xiihLqEsbSwRlXXGLKEsiSwBLEmVdcYwoS6hLH0sQZV1xjShLpEsASwVlXXGOKEvdS+lLEmVdcY8oS6hLAEsFZV1xkChLLEsASxJlXXGRKEuoS6VLBGVdcZIoSydLAEsSZV1xkyhLqEscSwRlXXGUKEsiSwBLEmVdcZUoS6hLZ0sQZV1xlihLpEsASwVlXXGXKEviS+lLEmVdcZgoS6hLAEsRZV1xmShLLEsASxJlXXGaKEuoS6VLEGVdcZsoSydLAEsSZV1xnChLqEsdSxBlXXGdKEsiSwBLEmVdcZ4oS6hLn0sQZV1xnyhLpEsASwVlXXGgKEviS+lLEmVdcaEoS6hLAEsRZV1xoihLLEsASxJlXXGjKEuoS6VLEGVdcaQoSydLAEsSZV1xpShLqEseSxBlXXGmKEsiSwBLEmVdcacoS6hL30sQZV1xqChLpEsASwVlXXGpKEviS+lLEmVdcaooS6hLAEsRZV1xqyhLLEsASxJlXXGsKEuoS6VLEGVdca0oS09LAEsSZV1xrihLqEsfSxBlXXGvKEurSydLEGVdcbAoS6FLAEsFZV1xsShL10vpSxJlXXGyKEuoSwBLEWVdcbMoSyxLAEsSZV1xtChLqEulSxBlXXG1KEsnSwBLEmVdcbYoS6hLIEsQZV1xtyhLIksASxJlXXG4KEuoS0dLEGVdcbkoS6RLAEsRZV1xuihL4kvpSxJlXXG7KEuoSwBLEWVdcbwoSyxLAEsSZV1xvShLqEulSxBlXXG+KEsnSwBLEmVdcb8oS6hLIUsQZV1xwChLK0sASxJlXXHBKEuoS79LEGVdccIoS6FLAEsFZV1xwyhL3EvpSxJlXXHEKEuoSwBLBWVdccUoSyxLAEsSZV1xxihLqEulSwRlXXHHKEsnSwBLEmVdccgoS6hLIksEZV1xyShLK0sASxJlXXHKKEuoS/9LEGVdccsoS6FLAEsFZV1xzChL3EvpSxJlXXHNKEuoSwBLBWVdcc4oSyxLAEsSZV1xzyhLqEulSwRlXXHQKEsnSwBLEmVdcdEoS6hLI0sEZV1x0ihLIksASxJlXXHTKEuoSwdLEGVdcdQoS6RLAEsFZV1x1ShL3UvpSxJlXXHWKEuoSwBLEWVdcdcoSyxLAEsSZV1x2ChLqEulSxBlXXHZKEsnSwBLEmVdcdooS6hLJEsQZV1x2yhLK0sASxJlXXHcKEuoS39LEGVdcd0oS6FLAEsFZV1x3ihL3EvpSxJlXXHfKEuoSwBLEWVdceAoSyxLAEsSZV1x4ShLqEulSxBlXXHiKEsnSwBLEmVdceMoS6hLJUsQZV1x5ChLIksASxJlXXHlKEuoS4dLEGVdceYoS6RLAEsFZV1x5yhL4kvpSxJlXXHoKEuoSwBLEWVdcekoSyxLAEsSZV1x6ihLqEulSxBlXXHrKEsnSwBLEmVdcewoS6hLJksQZV1x7ShLIksASxJlXXHuKEuoS8dLEGVdce8oS6RLAEsFZV1x8ChL4kvpS5JlXXHxKEuoSwBLkWVdcfIoSyxLAEuSZV1x8yhLqEulS5BlXXH0KEsnSwBLkmVdcfUoS6hLJ0uQZV1x9ihLK0sAS5JlXXH3KEuoSz9LkGVdcfgoS6FLAEuRZV1x+ShL10vpS5JlXXH6KEuoSwBLkWVdcfsoSyxLAEuSZV1x/ChLqEulS5BlXXH9KEsnSwBLkmVdcf4oS6hLKEuQZV1x/yhLIksAS5JlXXIAAQAAKEuoSzdLhGVlLg=='
438,155,KeepKey,b'gANdcQAoXXEBKEuoSwBLAWVdcQIoSzlLAEsCZV1xAyhLqEv9SwBlXXEEKEuoS/tLAGVdcQUoS6FLAEsBZV1xBihLGUsASwJlXXEHKEsgSwBLAWVdcQgoS01LAEsCZV1xCShLKEsASwFlXXEKKEssSwBLAmVdcQsoSyhLLUsAZV1xDChLJ0sASwJlXXENKEsoSylLAGVdcQ4oSyJLAEsSZV1xDyhLKEsQSxBlXXEQKEskSwBLEWVdcREoS0VLAEsSZV1xEihLKEsASxFlXXETKEssSwBLEmVdcRQoSyhLw0sQZV1xFShLJ0sASxJlXXEWKEsoS4BLEGVdcRcoSydLAEsSZV1xGChLKEsGSxBlXXEZKEsnSwBLEmVdcRooSyhLAksQZV1xGyhLJ0sASxJlXXEcKEsoSwNLEGVdcR0oSydLAEsSZV1xHihLKEsJSxBlXXEfKEsnSwBLEmVdcSAoSyhLBEsQZV1xIShLJ0sASxJlXXEiKEsoSwBLEGVdcSMoSydLAEsSZV1xJChLKEsQSxBlXXElKEsnSwBLEmVdcSYoSyhL10sQZV1xJyhLIksASxJlXXEoKEsoS+dLEGVdcSkoSyRLAEsRZV1xKihLSksASxJlXXErKEsoSwBLEWVdcSwoSydLAEsSZV1xLShLKEvSSxBlXXEuKEskSwBLEWVdcS8oS7xLAUsSZV1xMChLKEsASxFlXXExKEssSwBLEmVdcTIoSyhLaUsQZV1xMyhLJ0sASxJlXXE0KEsoSylLEGVdcTUoSyJLAEsSZV1xNihLKEsQSxBlXXE3KEskSwBLEWVdcTgoS0VLAEsSZV1xOShLKEsASxFlXXE6KEsnSwBLEmVdcTsoSyhLWksQZV1xPChLJEsASxFlXXE9KEvrSwRLEmVdcT4oSyhLAEsRZV1xPyhLLEsASxJlXXFAKEsoS2lLEGVdcUEoSydLAEsSZV1xQihLKEspSxBlXXFDKEsiSwBLEmVdcUQoSyhLEEsQZV1xRShLJEsASxFlXXFGKEtPSwBLEmVdcUcoSyhLAEsRZV1xSChLLEsASxJlXXFJKEsoS0tLEGVdcUooSydLAEsSZV1xSyhLKEsQSxBlXXFMKEsnSwBLEmVdcU0oSyhLA0sQZV1xTihLJ0sASxJlXXFPKEsoS0tLEGVdcVAoSydLAEsSZV1xUShLKEsASxBlXXFSKEsnSwBLEmVdcVMoSyhLZUsQZV1xVChLJ0sASxJlXXFVKEsoSwBLEGVdcVYoSydLAEsSZV1xVyhLKEtlSxBlXXFYKEsnSwBLEmVdcVkoSyhLAEsQZV1xWihLJ0sASxJlXXFbKEsoS3BLEGVdcVwoSydLAEsSZV1xXShLKEsASxBlXXFeKEsnSwBLEmVdcV8oSyhLS0sQZV1xYChLJ0sASxJlXXFhKEsoSwBLEGVdcWIoSydLAEsSZV1xYyhLKEtlSxBlXXFkKEsnSwBLEmVdcWUoSyhLAEsQZV1xZihLJ0sASxJlXXFnKEsoS3lLEGVdcWgoSydLAEsSZV1xaShLKEsASxBlXXFqKEsnSwBLEmVdcWsoSyhL7ksQZV1xbChLIksASxJlXXFtKEsoS2hLEGVdcW4oSyRLAEsRZV1xbyhLSksASxJlXXFwKEsoSwBLEWVdcXEoSydLAEsSZV1xcihLKEvSSxBlXXFzKEskSwBLEWVdcXQoSytLAUsSZV1xdShLKEsASxFlXXF2KEssSwBLEmVdcXcoSyhL4UsQZV1xeChLJ0sASxJlXXF5KEsoSylLEGVdcXooSyJLAEsSZV1xeyhLKEsQSxBlXXF8KEskSwBLEWVdcX0oS0VLAEsSZV1xfihLKEsASxFlXXF/KEssSwBLEmVdcYAoSyhLS0sQZV1xgShLJ0sASxJlXXGCKEsoSwBLEGVdcYMoSyJLAEsSZV1xhChLKEsASxBlXXGFKEskSwBLEWVdcYYoS0pLAEsSZV1xhyhLKEsASxFlXXGIKEsnSwBLEmVdcYkoSyhL0ksQZV1xiihLJEsASxFlXXGLKEuKSy1LEmVdcYwoSwBLAEsRZV1xjShLZEttSxJlXXGOKEsgSwBLBWVdcY8oS2RLbUsGZV1xkChL/0v/SxJlXXGRKEugSwBLBWVdcZIoS/9L/0sGZV1xkyhL/0v/SxJlXXGUKEuoSwBLBWVdcZUoSyxLAEsSZV1xlihLqEulSwRlXXGXKEsnSwBLEmVdcZgoS6hLKUsQZV1xmShLIksASxJlXXGaKEuoS51LEGVdcZsoS6RLAEsFZV1xnChL4kvpSxJlXXGdKEuoSwBLBWVdcZ4oSyxLAEsSZV1xnyhLqEulSwRlXXGgKEsnSwBLEmVdcaEoS6hLKksEZV1xoihLIksASxJlXXGjKEuoS91LEGVdcaQoS6RLAEsFZV1xpShL4kvpSxJlXXGmKEuoSwBLEWVdcacoSyxLAEsSZV1xqChLqEulSxBlXXGpKEsnSwBLEmVdcaooS6hLK0sQZV1xqyhLIksASxJlXXGsKEuoSyVLEGVdca0oS6RLAEsFZV1xrihL4kvpSxJlXXGvKEuoSwBLEWVdcbAoSyxLAEsSZV1xsShLqEulSxBlXXGyKEsnSwBLEmVdcbMoS6hLLEsQZV1xtChLIksASxJlXXG1KEuoS11LEGVdcbYoS6RLAEsFZV1xtyhL3UvpSxJlXXG4KEuoSwBLBWVdcbkoSyxLAEsSZV1xuihLqEulSwRlXXG7KEsnSwBLEmVdcbwoS6hLLUsQZV1xvShLIksASxJlXXG+KEuoS6VLEGVdcb8oS6RLAEsFZV1xwChL4kvpSxJlXXHBKEuoSwBLEWVdccIoSyxLAEsSZV1xwyhLqEulSxBlXXHEKEsnSwBLEmVdccUoS6hLLksQZV1xxihLIksASxJlXXHHKEuoS+VLEGVdccgoS6RLAEsRZV1xyShL4kvpSxJlXXHKKEuoSwBLEWVdccsoSyxLAEsSZV1xzChLqEulSxBlXXHNKEsnSwBLEmVdcc4oS6hLL0sQZV1xzyhLIksASxJlXXHQKEuoSx1LEGVdcdEoS6RLAEsFZV1x0ihL4kvpSxJlXXHTKEuoSwBLBWVdcdQoSyxLAEsSZV1x1ShLqEulSwRlXXHWKEsnSwBLEmVdcdcoS6hLMEsEZV1x2ChLIksASxJlXXHZKEuoS/VLEGVdcdooS6RLAEsFZV1x2yhL3UvpSxJlXXHcKEuoSwBLBWVdcd0oSyxLAEsSZV1x3ihLqEulSwRlXXHfKEsnSwBLEmVdceAoS6hLMUsEZV1x4ShLIksASxJlXXHiKEuoSw1LEGVdceMoS6RLAEsFZV1x5ChL4kvpSxJlXXHlKEuoSwBLEWVdceYoSyxLAEsSZV1x5yhLqEulSxBlXXHoKEsnSwBLEmVdcekoS6hLMksQZV1x6ihLIksASxJlXXHrKEuoS01LEGVdcewoS6RLAEsFZV1x7ShL4kvpSxJlXXHuKEuoSwBLBWVdce8oSyxLAEsSZV1x8ChLqEulSwRlXXHxKEsnSwBLEmVdcfIoS6hLM0sEZV1x8yhLIksASxJlXXH0KEuoS7VLEGVdcfUoS6RLAEsFZV1x9ihL4kvpSxJlXXH3KEuoSwBLBWVdcfgoSyxLAEsSZV1x+ShLqEulSwRlXXH6KEsnSwBLEmVdcfsoS6hLNEsEZV1x/ChLIksASxJlXXH9KEuoS81LEGVdcf4oS6RLAEsFZV1x/yhL3UvpS5JlXXIAAQAAKEuoSwBLhWVlLg=='
1704,127,KeepKey,b'gANdcQAoXXEBKEsgSwBLEWVdcQIoS0FLAEsSZV1xAyhLKEsASxFlXXEEKEssSwBLEmVdcQUoSyhLaUsQZV1xBihLJ0sASxJlXXEHKEsoSytLEGVdcQgoSyJLAEsSZV1xCShLKEuoSxBlXXEKKEskSwBLEWVdcQsoS0pLAEsSZV1xDChLKEsASxFlXXENKEsnSwBLEmVdcQ4oSyhLWksQZV1xDyhLJEsASxFlXXEQKEs/SxBLEmVdcREoSyhLAEsRZV1xEihLLEsASxJlXXETKEsoS6VLEGVdcRQoSydLAEsSZV1xFShLKEtLSxBlXXEWKEsiSwBLEmVdcRcoSyhL9UsQZV1xGChLJEsASxFlXXEZKEtFSwBLEmVdcRooSyhLAEsRZV1xGyhLLEsASxJlXXEcKEsoS2lLEGVdcR0oSydLAEsSZV1xHihLKEsrSxBlXXEfKEsiSwBLEmVdcSAoSyhLqEsQZV1xIShLJEsASxFlXXEiKEtPSwBLEmVdcSMoSyhLAEsRZV1xJChLMUsASxJlXXElKEsoS0tLEGVdcSYoSydLAEsSZV1xJyhLKEsQSxBlXXEoKEsnSwBLEmVdcSkoSyhLA0sQZV1xKihLJ0sASxJlXXErKEsoS0tLEGVdcSwoSyJLAEsSZV1xLShLKEsASxBlXXEuKEssSwBLEmVdcS8oSyhLZUsQZV1xMChLIksASxJlXXExKEsoSwBLEGVdcTIoSyxLAEsSZV1xMyhLKEtlSxBlXXE0KEsnSwBLEmVdcTUoSyhLAEsQZV1xNihLIksASxJlXXE3KEsoS3BLEGVdcTgoSyxLAEsSZV1xOShLKEsASxBlXXE6KEsnSwBLEmVdcTsoSyhLS0sQZV1xPChLJ0sASxJlXXE9KEsoSwBLEGVdcT4oSydLAEsSZV1xPyhLKEtlSxBlXXFAKEsnSwBLEmVdcUEoSyhLAEsQZV1xQihLJ0sASxJlXXFDKEsoS3lLEGVdcUQoSydLAEsSZV1xRShLKEsASxBlXXFGKEsnSwBLEmVdcUcoSyhL7ksQZV1xSChLIksASxJlXXFJKEsoS2hLEGVdcUooSyRLAEsRZV1xSyhLRUsASxJlXXFMKEsoSwBLEWVdcU0oSydLAEsSZV1xTihLKEvSSxBlXXFPKEskSwBLEWVdcVAoSzVLAUsSZV1xUShLKEsASxFlXXFSKEssSwBLEmVdcVMoSyhL4UsQZV1xVChLJ0sASxJlXXFVKEsoSytLEGVdcVYoSyJLAEsSZV1xVyhLKEuoSxBlXXFYKEskSwBLEWVdcVkoS0VLAEsSZV1xWihLKEsASxFlXXFbKEssSwBLEmVdcVwoSyhLS0sQZV1xXShLJ0sASxJlXXFeKEsoSwBLEGVdcV8oSyJLAEsSZV1xYChLKEsASxBlXXFhKEskSwBLEWVdcWIoS0pLAEsSZV1xYyhLKEsASxFlXXFkKEsnSwBLEmVdcWUoSyhL0ksQZV1xZihLJEsASxFlXXFnKEtPSytLEmVdcWgoSwBLAEsRZV1xaShLy0tPSxJlXXFqKEsgSwBLBWVdcWsoS8tLT0sGZV1xbChL/0v/SxJlXXFtKEugSwBLBWVdcW4oS/9L/0sGZV1xbyhL/0v/SxJlXXFwKEuoSwBLEWVdcXEoSyxLAEsSZV1xcihLqEulSxBlXXFzKEsnSwBLEmVdcXQoS6hLMUsQZV1xdShLIksASxJlXXF2KEuoS/tLEGVdcXcoS6RLAEsRZV1xeChL4kvpSxJlXXF5KEuoSwBLEWVdcXooSyxLAEsSZV1xeyhLqEulSxBlXXF8KEsnSwBLEmVdcX0oS6hLMksQZV1xfihLIksASxJlXXF/KEuoS7tLEGVdcYAoS6RLAEsFZV1xgShL3UvpSxJlXXGCKEuoSwBLBWVdcYMoSyxLAEsSZV1xhChLqEulSwRlXXGFKEsnSwBLEmVdcYYoS6hLM0sEZV1xhyhLIksASxJlXXGIKEuoS0NLEGVdcYkoS6RLAEsFZV1xiihL4kvpSxJlXXGLKEuoSwBLBWVdcYwoSyxLAEsSZV1xjShLqEulSwRlXXGOKEsnSwBLEmVdcY8oS6hLNEsEZV1xkChLIksASxJlXXGRKEuoSztLEGVdcZIoS6RLAEsFZV1xkyhL4kvpSxJlXXGUKEuoSwBLEWVdcZUoSyxLAEsSZV1xlihLqEulSxBlXXGXKEsnSwBLEmVdcZgoS6hLNUsQZV1xmShLIksASxJlXXGaKEuoS8NLEGVdcZsoS6RLAEsFZV1xnChL4kvpSxJlXXGdKEuoSwBLBWVdcZ4oSyxLAEsSZV1xnyhLqEulSwRlXXGgKEsnSwBLEmVdcaEoS6hLNksEZV1xoihLIksASxJlXXGjKEuoS4NLEGVdcaQoS6RLAEsFZV1xpShL3UvpSxJlXXGmKEuoSwBLEWVdcacoSyxLAEsSZV1xqChLqEulSxBlXXGpKEsnSwBLEmVdcaooS6hLN0sQZV1xqyhLIksASxJlXXGsKEuoS3tLEGVdca0oS6RLAEsFZV1xrihL4kvpSxJlXXGvKEuoSwBLEWVdcbAoSyxLAEsSZV1xsShLqEulSxBlXXGyKEsnSwBLEmVdcbMoS6hLOEsQZV1xtChLIksASxJlXXG1KEuoS3NLEGVdcbYoS6RLAEsFZV1xtyhL4kvpSxJlXXG4KEuoSwBLEWVdcbkoSyxLAEsSZV1xuihLqEulSxBlXXG7KEsnSwBLEmVdcbwoS6hLOUsQZV1xvShLIksASxJlXXG+KEuoS4tLEGVdcb8oS6RLAEsFZV1xwChL4kvpSxJlXXHBKEuoSwBLBWVdccIoSyxLAEsSZV1xwyhLqEulSwRlXXHEKEsnSwBLEmVdccUoS6hLOksEZV1xxihLIksASxJlXXHHKEuoS8tLEGVdccgoS6RLAEsFZV1xyShL3UvpSxJlXXHKKEuoSwBLEWVdccsoSyxLAEsSZV1xzChLqEulSxBlXXHNKEsnSwBLEmVdcc4oS6hLO0sQZV1xzyhLIksASxJlXXHQKEuoSzNLEGVdcdEoS6RLAEsFZV1x0ihL4kvpSxJlXXHTKEuoSwBLEWVdcdQoSyxLAEsSZV1x1ShLqEulSxBlXXHWKEsnSwBLEmVdcdcoS6hLPEsQZV1x2ChLIksASxJlXXHZKEuoS0tLEGVdcdooS6RLAEsFZV1x2yhL4kvpSxJlXXHcKEuoSwBLBWVdcd0oSyxLAEsSZV1x3ihLqEulSwRlXXHfKEsnSwBLEmVdceAoS6hLPUsEZV1x4ShLIksASxJlXXHiKEuoS7NLEGVdceMoS6RLAEsFZV1x5ChL4kvpSxJlXXHlKEuoSwBLEWVdceYoSyxLAEsSZV1x5yhLqEulSxBlXXHoKEsnSwBLEmVdcekoS6hLPksQZV1x6ihLIksASxJlXXHrKEuoS/NLEGVdcewoS6RLAEsRZV1x7ShL3UvpSxJlXXHuKEuoSwBLEWVdce8oSyxLAEsSZV1x8ChLqEulSxBlXXHxKEtPSwBLEmVdcfIoS6hLP0sQZV1x8yhLq0sLSxBlXXH0KEuhSwBLBWVdcfUoS9xL6UsSZV1x9ihLqEsASxFlXXH3KEssSwBLEmVdcfgoS6hLpUsQZV1x+ShLJ0sASxJlXXH6KEuoS0BLEGVdcfsoSyJLAEsSZV1x/ChLqEszSxBlXXH9KEukSwBLBWVdcf4oS+JL6UsSZV1x/yhLqEsASwVlXXIAAQAAKEssSwBLkmVdcgEBAAAoS6hLpUuEZWUu'
1157,132,,b'gANdcQAoXXEBKEsgSwBLAWVdcQIoSwlLAEsCZV1xAyhLKEsASwFlXXEEKEssSwBLAmVdcQUoSyhLaUsAZV1xBihLJ0sASwJlXXEHKEsoSy1LAGVdcQgoSyJLAEsCZV1xCShLKEsoSwBlXXEKKEskSwBLAWVdcQsoS0VLAEsCZV1xDChLKEsASwFlXXENKEsnSwBLEmVdcQ4oSyhLWksQZV1xDyhLJEsASxFlXXEQKEsOSwVLEmVdcREoSyhLAEsRZV1xEihLLEsASxJlXXETKEsoS2lLEGVdcRQoSydLAEsSZV1xFShLKEstSxBlXXEWKEsiSwBLEmVdcRcoSyhLKEsQZV1xGChLJEsASxFlXXEZKEtKSwBLEmVdcRooSyhLAEsRZV1xGyhLJ0sASxJlXXEcKEsoS1pLEGVdcR0oSyRLAEsRZV1xHihLp0sRSxJlXXEfKEsoSwBLEWVdcSAoSyxLAEsSZV1xIShLKEulSxBlXXEiKEsnSwBLEmVdcSMoSyhLV0sQZV1xJChLIksASxJlXXElKEsoS6tLEGVdcSYoSyRLAEsRZV1xJyhLSksASxJlXXEoKEsoSwBLEWVdcSkoSyxLAEsSZV1xKihLKEtpSxBlXXErKEsnSwBLEmVdcSwoSyhLLUsQZV1xLShLIksASxJlXXEuKEsoSyhLEGVdcS8oSyRLAEsRZV1xMChLT0sASxJlXXExKEsoSwBLEWVdcTIoSyxLAEsSZV1xMyhLKEtLSxBlXXE0KEsnSwBLEmVdcTUoSyhLEEsQZV1xNihLJ0sASxJlXXE3KEsoSwNLEGVdcTgoSydLAEsSZV1xOShLKEtLSxBlXXE6KEsnSwBLEmVdcTsoSyhLAEsQZV1xPChLJ0sASxJlXXE9KEsoS2VLEGVdcT4oSydLAEsSZV1xPyhLKEsASxBlXXFAKEsnSwBLEmVdcUEoSyhLZUsQZV1xQihLJ0sASxJlXXFDKEsoSwBLEGVdcUQoSydLAEsSZV1xRShLKEtwSxBlXXFGKEsnSwBLEmVdcUcoSyhLAEsQZV1xSChLJ0sASxJlXXFJKEsoS0tLEGVdcUooSydLAEsSZV1xSyhLKEsASxBlXXFMKEsnSwBLEmVdcU0oSyhLZUsQZV1xTihLJ0sASxJlXXFPKEsoSwBLEGVdcVAoSydLAEsSZV1xUShLKEt5SxBlXXFSKEsnSwBLEmVdcVMoSyhLAEsQZV1xVChLJ0sASxJlXXFVKEsoS+5LEGVdcVYoSyJLAEsSZV1xVyhLKEtoSxBlXXFYKEskSwBLEWVdcVkoS/lLAEsSZV1xWihLKEsASxFlXXFbKEssSwBLEmVdcVwoSyhLaUsQZV1xXShLJ0sASxJlXXFeKEsoSy1LEGVdcV8oSyJLAEsSZV1xYChLKEsoSxBlXXFhKEskSwBLEWVdcWIoS1RLAEsSZV1xYyhLKEsASxFlXXFkKEssSwBLEmVdcWUoSyhLy0sQZV1xZihLJ0sASxJlXXFnKEsoSxFLEGVdcWgoSydLAEsSZV1xaShLKEsPSxBlXXFqKEsnSwBLEmVdcWsoSyhL+0sQZV1xbChLT0sASxJlXXFtKEsoS4FLEGVdcW4oSyFLAEsRZV1xbyhLxUsASxJlXXFwKEsoSwBLEWVdcXEoS1RLAEsSZV1xcihLKEv9SxBlXXFzKEsjSwBLEmVdcXQoSyBLAEsRZV1xdShLJksASxJlXXF2KEsoSwBLEWVdcXcoSx5LAEsSZV1xeChLIEsASxFlXXF5KEs1SwBLEmVdcXooSyhLAEsRZV1xeyhLLEsASxJlXXF8KEsoS/tLEGVdcX0oSxlLAEsSZV1xfihLKEu6SxBlXXF/KEsjSwBLEWVdcYAoS/5LAEsSZV1xgShLKEsASxFlXXGCKEssSwBLEmVdcYMoSyhLaUsQZV1xhChLJ0sASxJlXXGFKEsoSy1LEGVdcYYoSyJLAEsSZV1xhyhLKEsoSxBlXXGIKEskSwBLEWVdcYkoS/1LIEsSZV1xiihLAEsASxFlXXGLKEvhS1ZLEmVdcYwoSyBLAEsRZV1xjShL4UtWSwZlXXGOKEv/S/9LEmVdcY8oS6BLAEsFZV1xkChL/0v/SwZlXXGRKEv/S/9LEmVdcZIoS6hLAEsFZV1xkyhLLEsASxJlXXGUKEuoS6VLBGVdcZUoSydLAEsSZV1xlihLqEs9SxBlXXGXKEsiSwBLEmVdcZgoS6hL4UsQZV1xmShLpEsASwVlXXGaKEvdS+lLEmVdcZsoS6hLAEsFZV1xnChLLEsASxJlXXGdKEuoS6VLBGVdcZ4oSydLAEsSZV1xnyhLqEs+SwRlXXGgKEsiSwBLEmVdcaEoS6hLoUsQZV1xoihLpEsASwVlXXGjKEviS+lLEmVdcaQoS6hLAEsRZV1xpShLLEsASxJlXXGmKEuoS6VLEGVdcacoS09LAEsSZV1xqChLqEs/SxBlXXGpKEurS1lLEGVdcaooS6FLAEsFZV1xqyhL3EvpSxJlXXGsKEuoSwBLBWVdca0oSyxLAEsSZV1xrihLqEulSwRlXXGvKEsnSwBLEmVdcbAoS6hLQEsEZV1xsShLIksASxJlXXGyKEuoS2FLEGVdcbMoS6RLAEsFZV1xtChL4kvpSxJlXXG1KEuoSwBLEWVdcbYoSyxLAEsSZV1xtyhLqEulSxBlXXG4KEsnSwBLEmVdcbkoS6hLQUsQZV1xuihLIksASxJlXXG7KEuoS5lLEGVdcbwoS6RLAEsFZV1xvShL3UvpSxJlXXG+KEuoSwBLEWVdcb8oSyxLAEsSZV1xwChLqEulSxBlXXHBKEsnSwBLEmVdccIoS6hLQksQZV1xwyhLIksASxJlXXHEKEuoS9lLEGVdccUoS6RLAEsRZV1xxihL4kvpSxJlXXHHKEuoSwBLEWVdccgoSyxLAEsSZV1xyShLqEulSxBlXXHKKEsnSwBLEmVdccsoS6hLQ0sQZV1xzChLIksASxJlXXHNKEuoSyFLEGVdcc4oS6RLAEsFZV1xzyhL4kvpSxJlXXHQKEuoSwBLBWVdcdEoSyxLAEsSZV1x0ihLqEulSwRlXXHTKEsnSwBLEmVdcdQoS6hLREsEZV1x1ShLIksASxJlXXHWKEuoS1lLEGVdcdcoS6RLAEsFZV1x2ChL4kvpSxJlXXHZKEuoSwBLBWVdcdooSyxLAEsSZV1x2yhLqEulSwRlXXHcKEsnSwBLEmVdcd0oS6hLRUsEZV1x3ihLIksASxJlXXHfKEuoS6FLEGVdceAoS6RLAEsFZV1x4ShL3UvpSxJlXXHiKEuoSwBLEWVdceMoSyxLAEsSZV1x5ChLqEulSxBlXXHlKEsnSwBLEmVdceYoS6hLRksQZV1x5yhLIksASxJlXXHoKEuoS+FLEGVdcekoS6RLAEsFZV1x6ihL4kvpSxJlXXHrKEuoSwBLBWVdcewoSyxLAEsSZV1x7ShLqEulSwRlXXHuKEsnSwBLEmVdce8oS6hLR0sEZV1x8ChLIksASxJlXXHxKEuoSxlLEGVdcfIoS6RLAEsFZV1x8yhL4kvpSxJlXXH0KEuoSwBLBWVdcfUoSyxLAEsSZV1x9ihLqEulSwRlXXH3KEsnSwBLEmVdcfgoS6hLSEsEZV1x+ShLIksASxJlXXH6KEuoSxFLEGVdcfsoS6RLAEsFZV1x/ChL4kvpS5JlXXH9KEuoSwBLkWVdcf4oSyxLAEuSZV1x/yhLqEulS5BlXXIAAQAAKEsnSwBLkmVdcgEBAAAoS6hLSUuEZWUu'
220,155,,b'gANdcQAoXXEBKEuoS+dLgGVdcQIoS6RLAEuBZV1xAyhLT0sAS4JlXXEEKEuoSwBLgWVdcQUoSxZLAEuCZV1xBihLKEsAS4FlXXEHKEsVSwBLgmVdcQgoSyhLpUuAZV1xCShLJEsAS4FlXXEKKEv0SwBLgmVdcQsoSyhLAEuBZV1xDChLLEsAS4JlXXENKEsoSy1LgGVdcQ4oSydLAEuCZV1xDyhLKEsvS4BlXXEQKEsiSwBLgmVdcREoSyhLkEuAZV1xEihLJEsAS4FlXXETKEtKSwBLgmVdcRQoSyhLAEuBZV1xFShLLEsAS4JlXXEWKEsoS8NLgGVdcRcoSydLAEuCZV1xGChLKEuAS4BlXXEZKEsnSwBLgmVdcRooSyhLBkuAZV1xGyhLJ0sAS4JlXXEcKEsoSwJLgGVdcR0oSydLAEuCZV1xHihLKEsDS4BlXXEfKEsnSwBLgmVdcSAoSyhLCUuAZV1xIShLJ0sAS4JlXXEiKEsoSwRLgGVdcSMoSydLAEuCZV1xJChLKEsAS4BlXXElKEsnSwBLgmVdcSYoSyhLEEuAZV1xJyhLJ0sAS4JlXXEoKEsoS9dLgGVdcSkoSyJLAEuCZV1xKihLKEvnS4BlXXErKEskSwBLgWVdcSwoS0VLAEuCZV1xLShLKEsAS4FlXXEuKEsnSwBLgmVdcS8oSyhL0kuAZV1xMChLJEsAS4FlXXExKEueSwFLgmVdcTIoSyhLAEuBZV1xMyhLLEsAS4JlXXE0KEsoS2lLgGVdcTUoSydLAEuCZV1xNihLKEsvS4BlXXE3KEsiSwBLgmVdcTgoSyhLkEuAZV1xOShLJEsAS4FlXXE6KEtKSwBLgmVdcTsoSyhLAEuBZV1xPChLJ0sAS4JlXXE9KEsoS1pLgGVdcT4oSyRLAEuBZV1xPyhLE0sFS4JlXXFAKEsoSwBLgWVdcUEoSyxLAEuCZV1xQihLKEtpS4BlXXFDKEsnSwBLgmVdcUQoSyhLL0uAZV1xRShLIksAS4JlXXFGKEsoS5BLgGVdcUcoSyRLAEuBZV1xSChLSksAS4JlXXFJKEsoSwBLgWVdcUooSydLAEuCZV1xSyhLKEtaS4BlXXFMKEskSwBLgWVdcU0oS+ZLBEuCZV1xTihLKEsAS4FlXXFPKEssSwBLgmVdcVAoSyhLaUuAZV1xUShLJ0sAS4JlXXFSKEsoSy9LgGVdcVMoSyJLAEuCZV1xVChLKEuQS4BlXXFVKEskSwBLgWVdcVYoS0pLAEuCZV1xVyhLKEsAS4FlXXFYKEsnSwBLgmVdcVkoSyhLWkuAZV1xWihLJEsAS4FlXXFbKEvmSwRLgmVdcVwoSyhLAEuBZV1xXShLLEsAS4JlXXFeKEsoS2lLgGVdcV8oSydLAEuCZV1xYChLKEsvS4BlXXFhKEsiSwBLgmVdcWIoSyhLkEuAZV1xYyhLJEsAS4FlXXFkKEtKSwBLgmVdcWUoSyhLAEuBZV1xZihLJ0sAS4JlXXFnKEsoS1pLgGVdcWgoSyRLAEuBZV1xaShL5ksES4JlXXFqKEsoSwBLgWVdcWsoSyxLAEuCZV1xbChLKEtpS4BlXXFtKEsnSwBLgmVdcW4oSyhLL0uAZV1xbyhLIksAS4JlXXFwKEsoS5BLgGVdcXEoSyRLAEuBZV1xcihLRUsAS4JlXXFzKEsoSwBLgWVdcXQoSydLAEuCZV1xdShLKEtaS4BlXXF2KEskSwBLgWVdcXcoS5JLEEuCZV1xeChLAEsAS4FlXXF5KEsgSwBLgWVdcXooSwNLAEuBZV1xeyhLIEsAS4FlXXF8KEsDSwBLgWVdcX0oSyBLAEuBZV1xfihLA0sAS4FlXXF/KEsgSwBLgWVdcYAoSwNLAEuRZV1xgShLIEsAS5FlXXGCKEsDSwBLkWVdcYMoSyBLAEuRZV1xhChLDUsAS5JlXXGFKEsASwBLkWVdcYYoSyBLAEuRZV1xhyhLLUsAS5FlXXGIKEsKSwBLkWVdcYkoSyhLAEuRZV1xiihLC0sAS5FlXXGLKEsoSwBLkWVdcYwoSwhLAEuSZV1xjShLCEsAS5FlXXGOKEsoSwBLkWVdcY8oSw1LAEuSZV1xkChLCEsAS5FlXXGRKEsoSwBLkWVdcZIoSwpLAEuSZV1xkyhLKEulS5BlXXGUKEsKSwBLkWVdcZUoSyhLAEuRZV1xlihLC0sAS5FlXXGXKEsoSwBLkWVdcZgoSwtLAEuRZV1xmShLKEsAS5FlXXGaKEsNSwBLkmVdcZsoSwhLAEuRZV1xnChLKEsAS5FlXXGdKEsLSwBLkWVdcZ4oSyhLAEuRZV1xnyhLLUuNS5BlXXGgKEsMSwBLkmVdcaEoSwhLAEuRZV1xoihLKEsAS5FlXXGjKEsLSwBLkWVdcaQoSyhLAEuRZV1xpShLC0sAS5FlXXGmKEsLSwBLkmVdcacoSyhLOUuQZV1xqChLCksAS5FlXXGpKEsoSwBLkWVdcaooSyBLAEuRZV1xqyhLF0sAS5JlXXGsKEsASwBLkWVdca0oSyBLAEuRZV1xrihLA0sAS5FlXXGvKEsgSwBLkWVdcbAoSwNLAEuRZV1xsShLIEsAS5FlXXGyKEsDSwBLkWVdcbMoSyBLAEuRZV1xtChLA0sAS5FlXXG1KEsgSwBLkWVdcbYoSwNLAEuRZV1xtyhLIEsAS5FlXXG4KEsNSwBLkmVdcbkoSwBLAEuRZV1xuihLIEsAS5FlXXG7KEsDSwBLkWVdcbwoSyhLAEuRZV1xvShLCEsAS5JlXXG+KEsISwBLkWVdcb8oSyhLAEuRZV1xwChLDUsAS5JlXXHBKEsISwBLkWVdccIoSyhLAEuRZV1xwyhLE0sAS5JlXXHEKEsoS2lLkGVdccUoSwtLAEuRZV1xxihLKEsAS5FlXXHHKEsISwBLkmVdccgoSwhLAEuRZV1xyShLKEsAS5FlXXHKKEsLSwBLkWVdccsoSyhLAEuRZV1xzChLC0sAS5FlXXHNKEsoSwBLkWVdcc4oSwtLAEuRZV1xzyhLKEsAS5FlXXHQKEsLSwBLkWVdcdEoSyhLAEuRZV1x0ihLC0sAS5FlXXHTKEsoSy9LkGVdcdQoSwhLAEuSZV1x1ShLCEsAS5FlXXHWKEsoSwBLkWVdcdcoSwtLAEuRZV1x2ChLKEsAS5FlXXHZKEsISwBLkmVdcdooSwhLAEuRZV1x2yhLKUsAS5FlXXHcKEsISwBLkmVdcd0oSyhLkEuQZV1x3ihLC0sAS5FlXXHfKEsgSwBLkWVdceAoS8xLAEuSZV1x4ShLAEsAS5FlXXHiKEsgSwBLkWVdceMoSwNLAEuRZV1x5ChLIEsAS5FlXXHlKEsDSwBLkWVdceYoSyBLAEuRZV1x5yhLA0sAS5FlXXHoKEsgSwBLkWVdcekoSwNLAEuRZV1x6ihLIEsAS5FlXXHrKEsDSwBLkWVdcewoSyBLAEuRZV1x7ShLDUsAS5JlXXHuKEsASwBLkWVdce8oSyBLAEuRZV1x8ChLC0sAS5FlXXHxKEsoSwBLkWVdcfIoSwhLAEuSZV1x8yhLCEsAS5FlXXH0KEsoSwBLkWVdcfUoSw1LAEuSZV1x9ihLCEsAS5FlXXH3KEsoSwBLkWVdcfgoSxJLAEuSZV1x+ShLKEtpS5BlXXH6KEsMSwBLkWVdcfsoSyhLAEuRZV1x/ChLCEsAS5JlXXH9KEsISwBLkWVdcf4oSyhLAEuRZV1x/yhLC0sAS5FlXXIAAQAAKEsoSwBLhWVlLg=='
1771,147,KeepKey,b'gANdcQAoXXEBKEuoS2lLEGVdcQIoSydLAEsSZV1xAyhLqEswSxBlXXEEKEsiSwBLEmVdcQUoS6hLeEsQZV1xBihLpEsASxFlXXEHKEsoSwBLEmVdcQgoSyBLAEsRZV1xCShL0EsASxJlXXEKKEsoSwBLEWVdcQsoSyxLAEsSZV1xDChLKEtpSxBlXXENKEsnSwBLEmVdcQ4oSyhLMEsQZV1xDyhLIksASxJlXXEQKEsoS3hLEGVdcREoSyRLAEsRZV1xEihLRUsASxJlXXETKEsoSwBLEWVdcRQoSydLAEsSZV1xFShLKEtaSxBlXXEWKEskSwBLEWVdcRcoS/BLBEsSZV1xGChLKEsASxFlXXEZKEssSwBLEmVdcRooSyhLaUsQZV1xGyhLJ0sASxJlXXEcKEsoSzBLEGVdcR0oSyJLAEsSZV1xHihLKEt4SxBlXXEfKEskSwBLEWVdcSAoS0pLAEsSZV1xIShLKEsASxFlXXEiKEsnSwBLEmVdcSMoSyhLWksQZV1xJChLJEsASxFlXXElKEvmSwRLEmVdcSYoSyhLAEsRZV1xJyhLLEsASxJlXXEoKEsoS2lLEGVdcSkoSydLAEsSZV1xKihLKEswSxBlXXErKEsiSwBLEmVdcSwoSyhLeEsQZV1xLShLJEsASxFlXXEuKEtPSwBLEmVdcS8oSyhLAEsRZV1xMChLLEsASxJlXXExKEsoS0tLEGVdcTIoSydLAEsSZV1xMyhLKEsQSxBlXXE0KEsnSwBLEmVdcTUoSyhLA0sQZV1xNihLJ0sASxJlXXE3KEsoS0tLEGVdcTgoSydLAEsSZV1xOShLKEsASxBlXXE6KEsnSwBLEmVdcTsoSyhLZUsQZV1xPChLJ0sASxJlXXE9KEsoSwBLEGVdcT4oSydLAEsSZV1xPyhLKEtlSxBlXXFAKEsnSwBLEmVdcUEoSyhLAEsQZV1xQihLJ0sASxJlXXFDKEsoS3BLEGVdcUQoSydLAEsSZV1xRShLKEsASxBlXXFGKEsnSwBLEmVdcUcoSyhLS0sQZV1xSChLJ0sASxJlXXFJKEsoSwBLEGVdcUooSydLAEsSZV1xSyhLKEtlSxBlXXFMKEsnSwBLEmVdcU0oSyhLAEsQZV1xTihLJ0sASxJlXXFPKEsoS3lLEGVdcVAoSydLAEsSZV1xUShLKEsASxBlXXFSKEsnSwBLEmVdcVMoSyhL7ksQZV1xVChLIksASxJlXXFVKEsoS2hLEGVdcVYoSyRLAEsRZV1xVyhLSksASxJlXXFYKEsoSwBLEWVdcVkoSydLAEsSZV1xWihLKEvSSxBlXXFbKEskSwBLEWVdcVwoS1lLAEsSZV1xXShLKEsASxFlXXFeKEssSwBLEmVdcV8oSyhL4UsQZV1xYChLJ0sASxJlXXFhKEsoSzBLEGVdcWIoSyJLAEsSZV1xYyhLKEt4SxBlXXFkKEskSwBLEWVdcWUoS0pLAEsSZV1xZihLKEsASxFlXXFnKEssSwBLEmVdcWgoSyhLS0sQZV1xaShLJ0sASxJlXXFqKEsoSwBLEGVdcWsoSyJLAEsSZV1xbChLKEsASxBlXXFtKEskSwBLEWVdcW4oS0pLAEsSZV1xbyhLKEsASxFlXXFwKEsnSwBLEmVdcXEoSyhL0ksQZV1xcihLJEsASwVlXXFzKEsVS5NLEmVdcXQoSyBLAEsFZV1xdShLFUuTSwZlXXF2KEv/S/9LEmVdcXcoS6BLAEsFZV1xeChL/0v/SwZlXXF5KEv/S/9LEmVdcXooS6hLAEsFZV1xeyhLLEsASxJlXXF8KEuoS6VLBGVdcX0oS09LAEsSZV1xfihLqEv9SxBlXXF/KEurS61LEGVdcYAoS6FLAEsFZV1xgShL3EvpSxJlXXGCKEuoSwBLEWVdcYMoSyxLAEsSZV1xhChLqEulSxBlXXGFKEtPSwBLEmVdcYYoS6hL/ksQZV1xhyhLq0vtSxBlXXGIKEuhSwBLBWVdcYkoS9xL6UsSZV1xiihLqEsASxFlXXGLKEssSwBLEmVdcYwoS6hLpUsQZV1xjShLT0sASxJlXXGOKEuoS/9LEGVdcY8oS6tLFUsQZV1xkChLoUsASwVlXXGRKEvcS+lLEmVdcZIoS6hLAEsRZV1xkyhLLEsASxJlXXGUKEuoS6VLEGVdcZUoSydLAEsSZV1xlihLqEsASxBlXXGXKEsiSwBLEmVdcZgoS6hL5ksQZV1xmShLpEsASwVlXXGaKEvdS+lLEmVdcZsoS6hLAEsRZV1xnChLLEsASxJlXXGdKEuoS6VLEGVdcZ4oSydLAEsSZV1xnyhLqEsBSxBlXXGgKEsiSwBLEmVdcaEoS6hLHksQZV1xoihLpEsASwVlXXGjKEviS+lLEmVdcaQoS6hLAEsRZV1xpShLLEsASxJlXXGmKEuoS6VLEGVdcacoSydLAEsSZV1xqChLqEsCSxBlXXGpKEsiSwBLEmVdcaooS6hLXksQZV1xqyhLpEsASwVlXXGsKEviS+lLEmVdca0oS6hLAEsFZV1xrihLLEsASxJlXXGvKEuoS6VLBGVdcbAoSydLAEsSZV1xsShLqEsDSwRlXXGyKEsiSwBLEmVdcbMoS6hLpksQZV1xtChLpEsASwVlXXG1KEviS+lLEmVdcbYoS6hLAEsFZV1xtyhLLEsASxJlXXG4KEuoS6VLBGVdcbkoSydLAEsSZV1xuihLqEsESwRlXXG7KEsiSwBLEmVdcbwoS6hL3ksQZV1xvShLpEsASwVlXXG+KEvdS+lLEmVdcb8oS6hLAEsRZV1xwChLLEsASxJlXXHBKEuoS6VLEGVdccIoSydLAEsSZV1xwyhLqEsFSxBlXXHEKEsiSwBLEmVdccUoS6hLJksQZV1xxihLpEsASwVlXXHHKEviS+lLEmVdccgoS6hLAEsFZV1xyShLLEsASxJlXXHKKEuoS6VLBGVdccsoSydLAEsSZV1xzChLqEsGSwRlXXHNKEsiSwBLEmVdcc4oS6hLZksQZV1xzyhLpEsASwVlXXHQKEviS+lLEmVdcdEoS6hLAEsFZV1x0ihLLEsASxJlXXHTKEuoS6VLBGVdcdQoSydLAEsSZV1x1ShLqEsHSwRlXXHWKEsiSwBLEmVdcdcoS6hLnksQZV1x2ChLpEsASwVlXXHZKEviS+lLEmVdcdooS6hLAEsRZV1x2yhLLEsASxJlXXHcKEuoS6VLEGVdcd0oSydLAEsSZV1x3ihLqEsISxBlXXHfKEsiSwBLEmVdceAoS6hLlksQZV1x4ShLpEsASwVlXXHiKEvdS+lLEmVdceMoS6hLAEsFZV1x5ChLLEsASxJlXXHlKEuoS6VLBGVdceYoSydLAEsSZV1x5yhLqEsJSwRlXXHoKEsiSwBLEmVdcekoS6hLbksQZV1x6ihLpEsASwVlXXHrKEviS+lLEmVdcewoS6hLAEsFZV1x7ShLLEsASxJlXXHuKEuoS6VLBGVdce8oSydLAEsSZV1x8ChLqEsKSwRlXXHxKEsiSwBLEmVdcfIoS6hLLksQZV1x8yhLpEsASwVlXXH0KEviS+lLEmVdcfUoS6hLAEsRZV1x9ihLLEsASxJlXXH3KEuoS6VLEGVdcfgoSydLAEsSZV1x+ShLqEsLSxBlXXH6KEsiSwBLEmVdcfsoS6hL1ksQZV1x/ChLpEsASwVlXXH9KEviS+lLEmVdcf4oS6hLAEsFZV1x/yhLLEsAS5JlXXIAAQAAKEuoS6VLhGVlLg=='
672,152,,b'gANdcQAoXXEBKEuoS9JLEGVdcQIoS6RLAEsRZV1xAyhLY0sASxJlXXEEKEsgSwBLEWVdcQUoS2dLAUsSZV1xBihLKEsASxFlXXEHKEssSwBLEmVdcQgoSyhLaUsQZV1xCShLJ0sASxJlXXEKKEsoSzJLEGVdcQsoSyJLAEsSZV1xDChLKEvASxBlXXENKEskSwBLEWVdcQ4oS0VLAEsSZV1xDyhLKEsASxFlXXEQKEsnSwBLEmVdcREoSyhLWksQZV1xEihLJEsASxFlXXETKEvrSwRLEmVdcRQoSyhLAEsRZV1xFShLLEsASxJlXXEWKEsoS2lLEGVdcRcoSydLAEsSZV1xGChLKEsySxBlXXEZKEsiSwBLEmVdcRooSyhLwEsQZV1xGyhLJEsASxFlXXEcKEtFSwBLEmVdcR0oSyhLAEsRZV1xHihLJ0sASxJlXXEfKEsoS1pLEGVdcSAoSyRLAEsRZV1xIShL60sESxJlXXEiKEsoSwBLEWVdcSMoSyxLAEsSZV1xJChLKEtpSxBlXXElKEsnSwBLEmVdcSYoSyhLMksQZV1xJyhLIksASxJlXXEoKEsoS8BLEGVdcSkoSyRLAEsRZV1xKihLRUsASxJlXXErKEsoSwBLEWVdcSwoSydLAEsSZV1xLShLKEtaSxBlXXEuKEskSwBLEWVdcS8oS+tLBEsSZV1xMChLKEsASxFlXXExKEssSwBLEmVdcTIoSyhLaUsQZV1xMyhLJ0sASxJlXXE0KEsoSzJLEGVdcTUoSyJLAEsSZV1xNihLKEvASxBlXXE3KEskSwBLEWVdcTgoS0VLAEsSZV1xOShLKEsASxFlXXE6KEsnSwBLEmVdcTsoSyhLWksQZV1xPChLJEsASxFlXXE9KEvrSwRLEmVdcT4oSyhLAEsRZV1xPyhLLEsASxJlXXFAKEsoS2lLEGVdcUEoSydLAEsSZV1xQihLKEsySxBlXXFDKEsiSwBLEmVdcUQoSyhLwEsQZV1xRShLJEsASxFlXXFGKEtKSwBLEmVdcUcoSyhLAEsRZV1xSChLJ0sASxJlXXFJKEsoS1pLEGVdcUooSyRLAEsRZV1xSyhL5ksESxJlXXFMKEsoSwBLEWVdcU0oSyxLAEsSZV1xTihLKEtpSxBlXXFPKEsnSwBLEmVdcVAoSyhLMksQZV1xUShLIksASxJlXXFSKEsoS8BLEGVdcVMoSyRLAEsRZV1xVChLRUsASxJlXXFVKEsoSwBLEWVdcVYoSyxLAEsSZV1xVyhLKEvaSxBlXXFYKEskSwBLEWVdcVkoS4FLAEsSZV1xWihLKEsASxFlXXFbKEssSwBLEmVdcVwoSyhLaUsQZV1xXShLJ0sASxJlXXFeKEsoSzJLEGVdcV8oSyJLAEsSZV1xYChLKEvASxBlXXFhKEskSwBLEWVdcWIoS0VLAEsSZV1xYyhLKEsASxFlXXFkKEssSwBLEmVdcWUoSyhL2ksQZV1xZihLJEsASxFlXXFnKEuBSwBLEmVdcWgoSyhLAEsRZV1xaShLLEsASxJlXXFqKEsoS2lLEGVdcWsoSydLAEsSZV1xbChLKEsySxBlXXFtKEsiSwBLEmVdcW4oSyhLwEsQZV1xbyhLJEsASxFlXXFwKEuxSyRLEmVdcXEoSwBLAEsRZV1xcihLmUtXSxJlXXFzKEsgSwBLEWVdcXQoS5lLV0sGZV1xdShL/0v/SxJlXXF2KEugSwBLBWVdcXcoS/9L/0sGZV1xeChL/0v/SxJlXXF5KEuoSwBLBWVdcXooSyxLAEsSZV1xeyhLqEulSwRlXXF8KEsnSwBLEmVdcX0oS6hLKUsEZV1xfihLIksASxJlXXF/KEuoS7RLEGVdcYAoS6RLAEsFZV1xgShL3UvpSxJlXXGCKEuoSwBLEWVdcYMoSyxLAEsSZV1xhChLqEulSxBlXXGFKEsnSwBLEmVdcYYoS6hLKksQZV1xhyhLIksASxJlXXGIKEuoS/RLEGVdcYkoS6RLAEsFZV1xiihL4kvpSxJlXXGLKEuoSwBLBWVdcYwoSyxLAEsSZV1xjShLqEulSwRlXXGOKEsnSwBLEmVdcY8oS6hLK0sEZV1xkChLIksASxJlXXGRKEuoSwxLEGVdcZIoS6RLAEsFZV1xkyhL4kvpSxJlXXGUKEuoSwBLEWVdcZUoSyxLAEsSZV1xlihLqEulSxBlXXGXKEsnSwBLEmVdcZgoS6hLLEsQZV1xmShLIksASxJlXXGaKEuoS3RLEGVdcZsoS6RLAEsFZV1xnChL4kvpSxJlXXGdKEuoSwBLEWVdcZ4oSyxLAEsSZV1xnyhLqEulSxBlXXGgKEsnSwBLEmVdcaEoS6hLLUsQZV1xoihLIksASxJlXXGjKEuoS4xLEGVdcaQoS6RLAEsRZV1xpShL3UvpSxJlXXGmKEuoSwBLEWVdcacoSyxLAEsSZV1xqChLqEulSxBlXXGpKEsnSwBLEmVdcaooS6hLLksQZV1xqyhLIksASxJlXXGsKEuoS8xLEGVdca0oS6RLAEsFZV1xrihL4kvpSxJlXXGvKEuoSwBLBWVdcbAoSyxLAEsSZV1xsShLqEulSwRlXXGyKEsnSwBLEmVdcbMoS6hLL0sEZV1xtChLIksASxJlXXG1KEuoSzRLEGVdcbYoS6RLAEsFZV1xtyhL4kvpSxJlXXG4KEuoSwBLBWVdcbkoSyxLAEsSZV1xuihLqEulSwRlXXG7KEsnSwBLEmVdcbwoS6hLMEsEZV1xvShLIksASxJlXXG+KEuoS9xLEGVdcb8oS6RLAEsFZV1xwChL4kvpSxJlXXHBKEuoSwBLEWVdccIoSyxLAEsSZV1xwyhLqEulSxBlXXHEKEsnSwBLEmVdccUoS6hLMUsQZV1xxihLIksASxJlXXHHKEuoSyRLEGVdccgoS6RLAEsFZV1xyShL3UvpSxJlXXHKKEuoSwBLBWVdccsoSyxLAEsSZV1xzChLqEulSwRlXXHNKEsnSwBLEmVdcc4oS6hLMksEZV1xzyhLIksASxJlXXHQKEuoS2RLEGVdcdEoS6RLAEsFZV1x0ihL4kvpSxJlXXHTKEuoSwBLBWVdcdQoSyxLAEsSZV1x1ShLqEulSwRlXXHWKEsnSwBLEmVdcdcoS6hLM0sEZV1x2ChLIksASxJlXXHZKEuoS5xLEGVdcdooS6RLAEsFZV1x2yhL4kvpSxJlXXHcKEuoSwBLEWVdcd0oSyxLAEsSZV1x3ihLqEulSxBlXXHfKEsnSwBLEmVdceAoS6hLNEsQZV1x4ShLIksASxJlXXHiKEuoS+RLEGVdceMoS6RLAEsFZV1x5ChL4kvpSxJlXXHlKEuoSwBLBWVdceYoSyxLAEsSZV1x5yhLqEulSwRlXXHoKEsnSwBLEmVdcekoS6hLNUsQZV1x6ihLIksASxJlXXHrKEuoSxxLEGVdcewoS6RLAEsFZV1x7ShL3UvpSxJlXXHuKEuoSwBLEWVdce8oSyxLAEsSZV1x8ChLqEulSxBlXXHxKEsnSwBLEmVdcfIoS6hLNksQZV1x8yhLIksASxJlXXH0KEuoS1xLEGVdcfUoS6RLAEsFZV1x9ihL4kvpSxJlXXH3KEuoSwBLEWVdcfgoSyxLAEsSZV1x+ShLqEulSxBlXXH6KEsnSwBLEmVdcfsoS6hLN0sQZV1x/ChLIksASxJlXXH9KEuoS6RLEGVdcf4oS6RLAEsFZV1x/yhL4kvpS5JlXXIAAQAAKEuoSwBLhWVlLg=='
703,143,KeepKey,b'gANdcQAoXXEBKEuoS9JLEGVdcQIoS6RLAEsRZV1xAyhLZ0sASxJlXXEEKEsgSwBLEWVdcQUoS0pLAUsSZV1xBihLKEsASxFlXXEHKEssSwBLEmVdcQgoSyhLaUsQZV1xCShLJ0sASxJlXXEKKEsoSzRLEGVdcQsoSyJLAEsSZV1xDChLKEtASxBlXXENKEskSwBLEWVdcQ4oS0pLAEsSZV1xDyhLKEsASxFlXXEQKEsnSwBLEmVdcREoSyhLWksQZV1xEihLJEsASxFlXXETKEv1SwRLEmVdcRQoSyhLAEsRZV1xFShLLEsASxJlXXEWKEsoS2lLEGVdcRcoSydLAEsSZV1xGChLKEs0SxBlXXEZKEsiSwBLEmVdcRooSyhLQEsQZV1xGyhLJEsASxFlXXEcKEtFSwBLEmVdcR0oSyhLAEsRZV1xHihLJ0sASxJlXXEfKEsoS1pLEGVdcSAoSyRLAEsRZV1xIShL60sESxJlXXEiKEsoSwBLEWVdcSMoSyxLAEsSZV1xJChLKEtpSxBlXXElKEsnSwBLEmVdcSYoSyhLNEsQZV1xJyhLIksASxJlXXEoKEsoS0BLEGVdcSkoSyRLAEsRZV1xKihLT0sASxJlXXErKEsoSwBLEWVdcSwoSyxLAEsSZV1xLShLKEtLSxBlXXEuKEsnSwBLEmVdcS8oSyhLEEsQZV1xMChLJ0sASxJlXXExKEsoSwNLEGVdcTIoSydLAEsSZV1xMyhLKEtLSxBlXXE0KEsnSwBLEmVdcTUoSyhLAEsQZV1xNihLJ0sASxJlXXE3KEsoS2VLEGVdcTgoSydLAEsSZV1xOShLKEsASxBlXXE6KEsnSwBLEmVdcTsoSyhLZUsQZV1xPChLJ0sASxJlXXE9KEsoSwBLEGVdcT4oSydLAEsSZV1xPyhLKEtwSxBlXXFAKEsnSwBLEmVdcUEoSyhLAEsQZV1xQihLJ0sASxJlXXFDKEsoS0tLEGVdcUQoSydLAEsSZV1xRShLKEsASxBlXXFGKEsnSwBLEmVdcUcoSyhLZUsQZV1xSChLJ0sASxJlXXFJKEsoSwBLEGVdcUooSydLAEsSZV1xSyhLKEt5SxBlXXFMKEsnSwBLEmVdcU0oSyhLAEsQZV1xTihLJ0sASxJlXXFPKEsoS+5LEGVdcVAoSyJLAEsSZV1xUShLKEtoSxBlXXFSKEskSwBLEWVdcVMoS0VLAEsSZV1xVChLKEsASxFlXXFVKEsnSwBLEmVdcVYoSyhL0ksQZV1xVyhLJEsASxFlXXFYKEtOSwFLEmVdcVkoSyhLAEsRZV1xWihLLEsASxJlXXFbKEsoS+FLEGVdcVwoSydLAEsSZV1xXShLKEs0SxBlXXFeKEsiSwBLEmVdcV8oSyhLQEsQZV1xYChLJEsASxFlXXFhKEtFSwBLEmVdcWIoSyhLAEsRZV1xYyhLLEsASxJlXXFkKEsoS0tLEGVdcWUoSydLAEsSZV1xZihLKEsASxBlXXFnKEsiSwBLEmVdcWgoSyhLAEsQZV1xaShLJEsASxFlXXFqKEtKSwBLEmVdcWsoSyhLAEsRZV1xbChLJ0sASxJlXXFtKEsoS9JLEGVdcW4oSyRLAEsRZV1xbyhLDksuSxJlXXFwKEsASwBLEWVdcXEoS75LYEsSZV1xcihLIEsASxFlXXFzKEu+S2BLEmVdcXQoS/9L/0sSZV1xdShLoEsASwVlXXF2KEv/S/9LBmVdcXcoS/9L/0sSZV1xeChLqEsASwVlXXF5KEssSwBLEmVdcXooS6hLpUsEZV1xeyhLJ0sASxJlXXF8KEuoSzlLBGVdcX0oSyJLAEsSZV1xfihLqEuiSxBlXXF/KEukSwBLBWVdcYAoS+JL6UsSZV1xgShLqEsASxFlXXGCKEssSwBLEmVdcYMoS6hLpUsQZV1xhChLJ0sASxJlXXGFKEuoSzpLEGVdcYYoSyJLAEsSZV1xhyhLqEviSxBlXXGIKEukSwBLBWVdcYkoS91L6UsSZV1xiihLqEsASxFlXXGLKEssSwBLEmVdcYwoS6hLpUsQZV1xjShLJ0sASxJlXXGOKEuoSztLEGVdcY8oSyJLAEsSZV1xkChLqEsaSxBlXXGRKEukSwBLBWVdcZIoS+JL6UsSZV1xkyhLqEsASwVlXXGUKEssSwBLEmVdcZUoS6hLpUsEZV1xlihLJ0sASxJlXXGXKEuoSzxLBGVdcZgoSyJLAEsSZV1xmShLqEtiSxBlXXGaKEukSwBLBWVdcZsoS+JL6UsSZV1xnChLqEsASwVlXXGdKEssSwBLEmVdcZ4oS6hLpUsQZV1xnyhLJ0sASxJlXXGgKEuoSz1LEGVdcaEoSyJLAEsSZV1xoihLqEuaSxBlXXGjKEukSwBLEWVdcaQoS+JL6UsSZV1xpShLqEsASxFlXXGmKEssSwBLEmVdcacoS6hLpUsQZV1xqChLJ0sASxJlXXGpKEuoSz5LEGVdcaooSyJLAEsSZV1xqyhLqEvaSxBlXXGsKEukSwBLBWVdca0oS91L6UsSZV1xrihLqEsASwVlXXGvKEssSwBLEmVdcbAoS6hLpUsQZV1xsShLT0sASxJlXXGyKEuoSz9LEGVdcbMoS6tLIksQZV1xtChLoUsASwVlXXG1KEvcS+lLEmVdcbYoS6hLAEsFZV1xtyhLLEsASxJlXXG4KEuoS6VLBGVdcbkoSydLAEsSZV1xuihLqEtASwRlXXG7KEsiSwBLEmVdcbwoS6hLGksQZV1xvShLpEsASwVlXXG+KEviS+lLEmVdcb8oS6hLAEsRZV1xwChLLEsASxJlXXHBKEuoS6VLEGVdccIoSydLAEsSZV1xwyhLqEtBSxBlXXHEKEsiSwBLEmVdccUoS6hL4ksQZV1xxihLpEsASxFlXXHHKEviS+lLEmVdccgoS6hLAEsRZV1xyShLLEsASxJlXXHKKEuoS6VLEGVdccsoSydLAEsSZV1xzChLqEtCSxBlXXHNKEsiSwBLEmVdcc4oS6hLoksQZV1xzyhLpEsASwVlXXHQKEvdS+lLEmVdcdEoS6hLAEsFZV1x0ihLLEsASxJlXXHTKEuoS6VLBGVdcdQoSydLAEsSZV1x1ShLqEtDSwRlXXHWKEsiSwBLEmVdcdcoS6hLWksQZV1x2ChLpEsASwVlXXHZKEviS+lLEmVdcdooS6hLAEsFZV1x2yhLLEsASxJlXXHcKEuoS6VLBGVdcd0oSydLAEsSZV1x3ihLqEtESxBlXXHfKEsiSwBLEmVdceAoS6hLIksQZV1x4ShLpEsASwVlXXHiKEviS+lLEmVdceMoS6hLAEsRZV1x5ChLLEsASxJlXXHlKEuoS6VLEGVdceYoSydLAEsSZV1x5yhLqEtFSxBlXXHoKEsiSwBLEmVdcekoS6hL2ksQZV1x6ihLpEsASwVlXXHrKEviS+lLEmVdcewoS6hLAEsRZV1x7ShLLEsASxJlXXHuKEuoS6VLEGVdce8oSydLAEsSZV1x8ChLqEtGSxBlXXHxKEsiSwBLEmVdcfIoS6hLmksQZV1x8yhLpEsASwVlXXH0KEvdS+lLEmVdcfUoS6hLAEsFZV1x9ihLLEsASxJlXXH3KEuoS6VLBGVdcfgoSydLAEsSZV1x+ShLqEtHSwRlXXH6KEsiSwBLEmVdcfsoS6hLYksQZV1x/ChLpEsASwVlXXH9KEviS+lLEmVdcf4oS6hLAEsFZV1x/yhLLEsAS5JlXXIAAQAAKEuoS6VLhGVlLg=='
271,131,,b'gANdcQAoXXEBKEuoS+dLEGVdcQIoS6RLAEsRZV1xAyhLSksASxJlXXEEKEuoSwBLEWVdcQUoSydLAEsSZV1xBihLqEvSSxBlXXEHKEsrSwBLEWVdcQgoSyBLAEsRZV1xCShLwUsBSxJlXXEKKEsoSwBLEWVdcQsoSyxLAEsSZV1xDChLKEtpSxBlXXENKEsnSwBLEmVdcQ4oSyhLNksQZV1xDyhLIksASxJlXXEQKEsoS/hLEGVdcREoSyRLAEsRZV1xEihLRUsASxJlXXETKEsoSwBLEWVdcRQoSydLAEsSZV1xFShLKEtaSxBlXXEWKEskSwBLEWVdcRcoSw5LBUsSZV1xGChLKEsASxFlXXEZKEssSwBLEmVdcRooSyhLaUsQZV1xGyhLJ0sASxJlXXEcKEsoSzZLEGVdcR0oSyJLAEsSZV1xHihLKEv4SxBlXXEfKEskSwBLEWVdcSAoS0VLAEsSZV1xIShLKEsASxFlXXEiKEsnSwBLEmVdcSMoSyhLWksQZV1xJChLJEsASxFlXXElKEucSxJLEmVdcSYoSyhLAEsRZV1xJyhLLEsASxJlXXEoKEsoS6VLEGVdcSkoSydLAEsSZV1xKihLKEtnSxBlXXErKEsiSwBLEmVdcSwoSyhL6ksQZV1xLShLJEsASxFlXXEuKEtFSwBLEmVdcS8oSyhLAEsRZV1xMChLLEsASxJlXXExKEsoS2lLEGVdcTIoSydLAEsSZV1xMyhLKEs2SxBlXXE0KEsiSwBLEmVdcTUoSyhL+EsQZV1xNihLJEsASxFlXXE3KEtPSwBLEmVdcTgoSyhLAEsRZV1xOShLLEsASxJlXXE6KEsoS0tLEGVdcTsoSydLAEsSZV1xPChLKEsQSxBlXXE9KEsnSwBLEmVdcT4oSyhLA0sQZV1xPyhLJ0sASxJlXXFAKEsoS0tLEGVdcUEoSydLAEsSZV1xQihLKEsASxBlXXFDKEsnSwBLEmVdcUQoSyhLZUsQZV1xRShLJ0sASxJlXXFGKEsoSwBLEGVdcUcoSydLAEsSZV1xSChLKEtlSxBlXXFJKEsnSwBLEmVdcUooSyhLAEsQZV1xSyhLJ0sASxJlXXFMKEsoS3BLEGVdcU0oSydLAEsSZV1xTihLKEsASxBlXXFPKEsnSwBLEmVdcVAoSyhLS0sQZV1xUShLJ0sASxJlXXFSKEsoSwBLEGVdcVMoSydLAEsSZV1xVChLKEvlSxBlXXFVKEsnSwBLEmVdcVYoSyhLAUsQZV1xVyhLJ0sASxJlXXFYKEsoS/lLEGVdcVkoS09LAEsSZV1xWihLKEsBSxBlXXFbKEsiSwBLEmVdcVwoSyhL90sQZV1xXShLK0t1SxBlXXFeKEshSwBLEWVdcV8oS/hLAEsSZV1xYChLKEsASxFlXXFhKEsxSwBLEmVdcWIoSyhLaUsQZV1xYyhLIksASxJlXXFkKEsoSzZLEGVdcWUoSyJLAEsSZV1xZihLKEv4SxBlXXFnKEskSwBLEWVdcWgoSwZLA0sSZV1xaShLKEsASxFlXXFqKEssSwBLEmVdcWsoSyhL90sQZV1xbChLHksASxJlXXFtKEsoS3lLEGVdcW4oSyNLAEsRZV1xbyhLCEsBSxJlXXFwKEsoSwBLEWVdcXEoSyxLAEsSZV1xcihLKEtpSxBlXXFzKEsnSwBLEmVdcXQoSyhLNksQZV1xdShLF0sASxJlXXF2KEsISwBLEWVdcXcoSyhLAEsRZV1xeChLCUsASxJlXXF5KEsoS/hLEGVdcXooSyRLAEsRZV1xeyhLAEt1SxJlXXF8KEsgSwBLEWVdcX0oSwBLdUsSZV1xfihL/0v/SxJlXXF/KEugSwBLBWVdcYAoS/9L/0sGZV1xgShL/0v/SxJlXXGCKEuoSwBLEWVdcYMoSyxLAEsSZV1xhChLqEulSxBlXXGFKEsnSwBLEmVdcYYoS6hLTUsQZV1xhyhLIksASxJlXXGIKEuoS/hLEGVdcYkoS6RLAEsRZV1xiihL3UvpSxJlXXGLKEuoSwBLEWVdcYwoSyxLAEsSZV1xjShLqEulSxBlXXGOKEsnSwBLEmVdcY8oS6hLTksQZV1xkChLIksASxJlXXGRKEuoS7hLEGVdcZIoS6RLAEsFZV1xkyhL4kvpSxJlXXGUKEuoSwBLEWVdcZUoSyxLAEsSZV1xlihLqEulSxBlXXGXKEsnSwBLEmVdcZgoS6hLT0sQZV1xmShLIksASxJlXXGaKEuoS0BLEGVdcZsoS6RLAEsFZV1xnChL4kvpSxJlXXGdKEuoSwBLEWVdcZ4oSyxLAEsSZV1xnyhLqEulSxBlXXGgKEsnSwBLEmVdcaEoS6hLUEsQZV1xoihLIksASxJlXXGjKEuoS6hLEGVdcaQoS6RLAEsFZV1xpShL4kvpSxJlXXGmKEuoSwBLEWVdcacoSyxLAEsSZV1xqChLqEulSxBlXXGpKEsnSwBLEmVdcaooS6hLUUsQZV1xqyhLIksASxJlXXGsKEuoS1BLEGVdca0oS6RLAEsFZV1xrihL3UvpSxJlXXGvKEuoSwBLBWVdcbAoSyxLAEsSZV1xsShLqEulSwRlXXGyKEsnSwBLEmVdcbMoS6hLUksEZV1xtChLIksASxJlXXG1KEuoSxBLEGVdcbYoS6RLAEsFZV1xtyhL4kvpSxJlXXG4KEuoSwBLEWVdcbkoSyxLAEsSZV1xuihLqEulSxBlXXG7KEsnSwBLEmVdcbwoS6hLU0sQZV1xvShLIksASxJlXXG+KEuoS+hLEGVdcb8oS6RLAEsFZV1xwChL4kvpSxJlXXHBKEuoSwBLEWVdccIoSyxLAEsSZV1xwyhLqEulSxBlXXHEKEsnSwBLEmVdccUoS6hLVEsQZV1xxihLIksASxJlXXHHKEuoS5BLEGVdccgoS6RLAEsFZV1xyShL4kvpSxJlXXHKKEuoSwBLBWVdccsoSyxLAEsSZV1xzChLqEulSwRlXXHNKEsnSwBLEmVdcc4oS6hLVUsEZV1xzyhLIksASxJlXXHQKEuoS2hLEGVdcdEoS6RLAEsFZV1x0ihL3UvpSxJlXXHTKEuoSwBLEWVdcdQoSyxLAEsSZV1x1ShLqEulSxBlXXHWKEsnSwBLEmVdcdcoS6hLVksQZV1x2ChLIksASxJlXXHZKEuoSyhLEGVdcdooS6RLAEsFZV1x2yhL4kvpSxJlXXHcKEuoSwBLEWVdcd0oSyxLAEsSZV1x3ihLqEulSxBlXXHfKEsnSwBLEmVdceAoS6hLV0sQZV1x4ShLIksASxJlXXHiKEuoS9BLEGVdceMoS6RLAEsRZV1x5ChL4kvpSxJlXXHlKEuoSwBLEWVdceYoSyxLAEsSZV1x5yhLqEulSxBlXXHoKEsnSwBLEmVdcekoS6hLWEsQZV1x6ihLIksASxJlXXHrKEuoS9hLEGVdcewoS6RLAEsFZV1x7ShL4kvpSxJlXXHuKEuoSwBLEWVdce8oSyxLAEsSZV1x8ChLqEulSxBlXXHxKEsnSwBLEmVdcfIoS6hLWUsQZV1x8yhLIksASxJlXXH0KEuoSyBLEGVdcfUoS6RLAEsFZV1x9ihL3UvpSxJlXXH3KEuoSwBLBWVdcfgoSyxLAEsSZV1x+ShLqEulSwRlXXH6KEsnSwBLEmVdcfsoS6hLWksEZV1x/ChLIksASxJlXXH9KEuoS2BLEGVdcf4oS6RLAEsFZV1x/yhL4kvpS5JlXXIAAQAAKEuoSwBLhWVlLg=='
