5,b'IC4vdHJ5bWUNCjEwMDANCnBpQHJhc3BiZXJyeXBpOn4kIA=='
5,b'Li90cnltZQ0KMTAwMA0KcGlAcmFzcGJlcnJ5cGk6fiQg'
5,b'Li90cnltZQ0KMTAwMA0KcGlAcmFzcGJlcnJ5cGk6fiQg'
5,b'Li90cnltZQ0KMTAwMA0KcGlAcmFzcGJlcnJ5cGk6fiQg'
5,b'Li90cnltZQ0KMTAwMA0KcGlAcmFzcGJlcnJ5cGk6fiQg'
5,b'Li90cnltZQ0KMTAwMA0KcGlAcmFzcGJlcnJ5cGk6fiQg'
5,b'Li90cnltZQ0KMTAwMA0KcGlAcmFzcGJlcnJ5cGk6fiQg'
5,b'Li90cnltZQ0KMTAwMA0KcGlAcmFzcGJlcnJ5cGk6fiQg'
5,b'Li90cnltZQ0KMTAwMA0KcGlAcmFzcGJlcnJ5cGk6fiQg'
5,b'Li90cnltZQ0KMTAwMA0KcGlAcmFzcGJlcnJ5cGk6fiQg'
12,b'Li90cnltZQ0KMTAwMA0KcGlAcmFzcGJlcnJ5cGk6fiQg'
12,b'Li90cnltZQ0KMTAwMA0KcGlAcmFzcGJlcnJ5cGk6fiQg'
12,b'Li90cnltZQ0KMTAwMA0KcGlAcmFzcGJlcnJ5cGk6fiQg'
12,b'Li90cnltZQ0KMTAwMA0KcGlAcmFzcGJlcnJ5cGk6fiQg'
12,b'Li90cnltZQ0KMTAwMA0KcGlAcmFzcGJlcnJ5cGk6fiQg'
12,b'Li90cnltZQ0KMTAwMA0KcGlAcmFzcGJlcnJ5cGk6fiQg'
12,b'Li90cnltZQ0KMTAwMA0KcGlAcmFzcGJlcnJ5cGk6fiQg'
12,b'Li90cnltZQ0KMTAwMA0KcGlAcmFzcGJlcnJ5cGk6fiQg'
12,b'Li90cnltZQ0KMTAwMA0KcGlAcmFzcGJlcnJ5cGk6fiQg'
12,b'Li90cnltZQ0KMTAwMA0KcGlAcmFzcGJlcnJ5cGk6fiQg'
12,b'Li90cnltZQ0KMTAwMA0KcGlAcmFzcGJlcnJ5cGk6fiQg'
19,b'Li90cnltZQ0KMTAwMA0KcGlAcmFzcGJlcnJ5cGk6fiQg'
19,b'Li90cnltZQ0KMTAwMA0KcGlAcmFzcGJlcnJ5cGk6fiQg'
19,b'Li90cnltZQ0KMTAwMA0KcGlAcmFzcGJlcnJ5cGk6fiQg'
19,b'Li90cnltZQ0KMTAwMA0KcGlAcmFzcGJlcnJ5cGk6fiQg'
19,b'Li90cnltZQ0KMTAwMA0KcGlAcmFzcGJlcnJ5cGk6fiQg'
19,b'Li90cnltZQ0KMTAwMA0KcGlAcmFzcGJlcnJ5cGk6fiQg'
19,b'Li90cnltZQ0KMTAwMA0KcGlAcmFzcGJlcnJ5cGk6fiQg'
19,b'Li90cnltZQ0KMTAwMA0KcGlAcmFzcGJlcnJ5cGk6fiQg'
19,b'Li90cnltZQ0KMTAwMA0KcGlAcmFzcGJlcnJ5cGk6fiQg'
19,b'Li90cnltZQ0KMTAwMA0KcGlAcmFzcGJlcnJ5cGk6fiQg'
19,b'Li90cnltZQ0KMTAwMA0KcGlAcmFzcGJlcnJ5cGk6fiQg'
26,b'Li90cnltZQ0KMTAwMA0KcGlAcmFzcGJlcnJ5cGk6fiQg'
26,b'Li90cnltZQ0KMTAwMA0KcGlAcmFzcGJlcnJ5cGk6fiQg'
26,b'Li90cnltZQ0KMTAwMA0KcGlAcmFzcGJlcnJ5cGk6fiQg'
26,b'Li90cnltZQ0KMTAwMA0KcGlAcmFzcGJlcnJ5cGk6fiQg'
26,b'Li90cnltZQ0KMTAwMA0KcGlAcmFzcGJlcnJ5cGk6fiQg'
26,b'Li90cnltZQ0KMTAwMA0KcGlAcmFzcGJlcnJ5cGk6fiQg'
26,b'Li90cnltZQ0KMTAwMA0KcGlAcmFzcGJlcnJ5cGk6fiQg'
26,b'Li90cnltZQ0KMTAwMA0KcGlAcmFzcGJlcnJ5cGk6fiQg'
26,b'Li90cnltZQ0KMTAwMA0KcGlAcmFzcGJlcnJ5cGk6fiQg'
26,b'Li90cnltZQ0KMTAwMA0KcGlAcmFzcGJlcnJ5cGk6fiQg'
26,b'Li90cnltZQ0KMTAwMA0KcGlAcmFzcGJlcnJ5cGk6fiQg'
33,b'Li90cnltZQ0KMTAwMA0KcGlAcmFzcGJlcnJ5cGk6fiQg'
33,b'Li90cnltZQ0KMTAwMA0KcGlAcmFzcGJlcnJ5cGk6fiQg'
33,b'Li90cnltZQ0KMTAwMA0KcGlAcmFzcGJlcnJ5cGk6fiQg'
33,b'Li90cnltZQ0KMTAwMA0KcGlAcmFzcGJlcnJ5cGk6fiQg'
33,b'Li90cnltZQ0KMTAwMA0KcGlAcmFzcGJlcnJ5cGk6fiQg'
33,b'Li90cnltZQ0KMTAwMA0KcGlAcmFzcGJlcnJ5cGk6fiQg'
33,b'Li90cnltZQ0KMTAwMA0KcGlAcmFzcGJlcnJ5cGk6fiQg'
33,b'Li90cnltZQ0KMTAwMA0KcGlAcmFzcGJlcnJ5cGk6fiQg'
33,b'Li90cnltZQ0KMTAwMA0KcGlAcmFzcGJlcnJ5cGk6fiQg'
33,b'Li90cnltZQ0KMTAwMA0KcGlAcmFzcGJlcnJ5cGk6fiQg'
33,b'Li90cnltZQ0KMTAwMA0KcGlAcmFzcGJlcnJ5cGk6fiQg'
40,b'Li90cnltZQ0KMTAwMA0KcGlAcmFzcGJlcnJ5cGk6fiQg'
40,b'Li90cnltZQ0KMTAwMA0KcGlAcmFzcGJlcnJ5cGk6fiQg'
40,b'Li90cnltZQ0KMTAwMA0KcGlAcmFzcGJlcnJ5cGk6fiQg'
40,b'Li90cnltZQ0KMTAwMA0KcGlAcmFzcGJlcnJ5cGk6fiQg'
40,b'Li90cnltZQ0KMTAwMA0KcGlAcmFzcGJlcnJ5cGk6fiQg'
40,b'Li90cnltZQ0KMTAwMA0KcGlAcmFzcGJlcnJ5cGk6fiQg'
40,b'Li90cnltZQ0KMTAwMA0KcGlAcmFzcGJlcnJ5cGk6fiQg'
40,b'Li90cnltZQ0KMTAwMA0KcGlAcmFzcGJlcnJ5cGk6fiQg'
40,b'Li90cnltZQ0KMTAwMA0KcGlAcmFzcGJlcnJ5cGk6fiQg'
40,b'Li90cnltZQ0KMTAwMA0KcGlAcmFzcGJlcnJ5cGk6fiQg'
40,b'Li90cnltZQ0KMTAwMA0KcGlAcmFzcGJlcnJ5cGk6fiQg'
47,b'Li90cnltZQ0KMTAwMA0KcGlAcmFzcGJlcnJ5cGk6fiQg'
47,b'Li90cnltZQ0KMTAwMA0KcGlAcmFzcGJlcnJ5cGk6fiQg'
47,b'Li90cnltZQ0KMTAwMA0KcGlAcmFzcGJlcnJ5cGk6fiQg'
47,b'Li90cnltZQ0KMTAwMA0KcGlAcmFzcGJlcnJ5cGk6fiQg'
47,b'Li90cnltZQ0KMTAwMA0KcGlAcmFzcGJlcnJ5cGk6fiQg'
47,b'Li90cnltZQ0KMTAwMA0KcGlAcmFzcGJlcnJ5cGk6fiQg'
47,b'Li90cnltZQ0KMTAwMA0KcGlAcmFzcGJlcnJ5cGk6fiQg'
47,b'Li90cnltZQ0KMTAwMA0KcGlAcmFzcGJlcnJ5cGk6fiQg'
47,b'Li90cnltZQ0KMTAwMA0KcGlAcmFzcGJlcnJ5cGk6fiQg'
47,b'Li90cnltZQ0KMTAwMA0KcGlAcmFzcGJlcnJ5cGk6fiQg'
47,b'Li90cnltZQ0KMTAwMA0KcGlAcmFzcGJlcnJ5cGk6fiQg'
54,b'Li90cnltZQ0KMTAwMA0KcGlAcmFzcGJlcnJ5cGk6fiQg'
54,b'Li90cnltZQ0KMTAwMA0KcGlAcmFzcGJlcnJ5cGk6fiQg'
54,b'Li90cnltZQ0KMTAwMA0KcGlAcmFzcGJlcnJ5cGk6fiQg'
54,b'Li90cnltZQ0KMTAwMA0KcGlAcmFzcGJlcnJ5cGk6fiQg'
54,b'Li90cnltZQ0KMTAwMA0KcGlAcmFzcGJlcnJ5cGk6fiQg'
54,b'Li90cnltZQ0KMTAwMA0KcGlAcmFzcGJlcnJ5cGk6fiQg'
54,b'Li90cnltZQ0KMTAwMA0KcGlAcmFzcGJlcnJ5cGk6fiQg'
54,b'Li90cnltZQ0KMTAwMA0KcGlAcmFzcGJlcnJ5cGk6fiQg'
54,b'Li90cnltZQ0KMTAwMA0KcGlAcmFzcGJlcnJ5cGk6fiQg'
54,b'Li90cnltZQ0KMTAwMA0KcGlAcmFzcGJlcnJ5cGk6fiQg'
54,b'Li90cnltZQ0KMTAwMA0KcGlAcmFzcGJlcnJ5cGk6fiQg'
61,b'Li90cnltZQ0KMTAwMA0KcGlAcmFzcGJlcnJ5cGk6fiQg'
61,b'Li90cnltZQ0KMTAwMA0KcGlAcmFzcGJlcnJ5cGk6fiQg'
61,b'Li90cnltZQ0KMTAwMA0KcGlAcmFzcGJlcnJ5cGk6fiQg'
61,b'Li90cnltZQ0KMTAwMA0KcGlAcmFzcGJlcnJ5cGk6fiQg'
61,b'Li90cnltZQ0KMTAwMA0KcGlAcmFzcGJlcnJ5cGk6fiQg'
61,b'Li90cnltZQ0KMTAwMA0KcGlAcmFzcGJlcnJ5cGk6fiQg'
61,b'Li90cnltZQ0KMTAwMA0KcGlAcmFzcGJlcnJ5cGk6fiQg'
61,b'Li90cnltZQ0KMTAwMA0KcGlAcmFzcGJlcnJ5cGk6fiQg'
61,b'Li90cnltZQ0KMTAwMA0KcGlAcmFzcGJlcnJ5cGk6fiQg'
61,b'Li90cnltZQ0KMTAwMA0KcGlAcmFzcGJlcnJ5cGk6fiQg'
61,b'Li90cnltZQ0KMTAwMA0KcGlAcmFzcGJlcnJ5cGk6fiQg'
68,b'Li90cnltZQ0KMTAwMA0KcGlAcmFzcGJlcnJ5cGk6fiQg'
68,b'Li90cnltZQ0KMTAwMA0KcGlAcmFzcGJlcnJ5cGk6fiQg'
68,b'Li90cnltZQ0KMTAwMA0KcGlAcmFzcGJlcnJ5cGk6fiQg'
68,b'Li90cnltZQ0KMTAwMA0KcGlAcmFzcGJlcnJ5cGk6fiQg'
68,b'Li90cnltZQ0KMTAwMA0KcGlAcmFzcGJlcnJ5cGk6fiQg'
68,b'Li90cnltZQ0KMTAwMA0KcGlAcmFzcGJlcnJ5cGk6fiQg'
68,b'Li90cnltZQ0KMTAwMA0KcGlAcmFzcGJlcnJ5cGk6fiQg'
68,b'Li90cnltZQ0KMTAwMA0KcGlAcmFzcGJlcnJ5cGk6fiQg'
68,b'Li90cnltZQ0KMTAwMA0KcGlAcmFzcGJlcnJ5cGk6fiQg'
68,b'Li90cnltZQ0KMTAwMA0KcGlAcmFzcGJlcnJ5cGk6fiQg'
68,b'Li90cnltZQ0KMTAwMA0KcGlAcmFzcGJlcnJ5cGk6fiQg'
75,b'Li90cnltZQ0KMTAwMA0KcGlAcmFzcGJlcnJ5cGk6fiQg'
75,b'Li90cnltZQ0KMTAwMA0KcGlAcmFzcGJlcnJ5cGk6fiQg'
75,b'Li90cnltZQ0KMTAwMA0KcGlAcmFzcGJlcnJ5cGk6fiQg'
75,b'Li90cnltZQ0KMTAwMA0KcGlAcmFzcGJlcnJ5cGk6fiQg'
75,b'Li90cnltZQ0KMTAwMA0KcGlAcmFzcGJlcnJ5cGk6fiQg'
75,b'Li90cnltZQ0KMTAwMA0KcGlAcmFzcGJlcnJ5cGk6fiQg'
75,b'Li90cnltZQ0KMTAwMA0KcGlAcmFzcGJlcnJ5cGk6fiQg'
75,b'Li90cnltZQ0KMTAwMA0KcGlAcmFzcGJlcnJ5cGk6fiQg'
75,b'Li90cnltZQ0KMTAwMA0KcGlAcmFzcGJlcnJ5cGk6fiQg'
75,b'Li90cnltZQ0KMTAwMA0KcGlAcmFzcGJlcnJ5cGk6fiQg'
75,b'Li90cnltZQ0KMTAwMA0KcGlAcmFzcGJlcnJ5cGk6fiQg'
82,b'Li90cnltZQ0KMTAwMA0KcGlAcmFzcGJlcnJ5cGk6fiQg'
82,b'Li90cnltZQ0KMTAwMA0KcGlAcmFzcGJlcnJ5cGk6fiQg'
82,b'Li90cnltZQ0KMTAwMA0KcGlAcmFzcGJlcnJ5cGk6fiQg'
82,b'Li90cnltZQ0KMTAwMA0KcGlAcmFzcGJlcnJ5cGk6fiQg'
82,b'Li90cnltZQ0KMTAwMA0KcGlAcmFzcGJlcnJ5cGk6fiQg'
82,b'Li90cnltZQ0KMTAwMA0KcGlAcmFzcGJlcnJ5cGk6fiQg'
82,b'Li90cnltZQ0KMTAwMA0KcGlAcmFzcGJlcnJ5cGk6fiQg'
82,b'Li90cnltZQ0KMTAwMA0KcGlAcmFzcGJlcnJ5cGk6fiQg'
82,b'Li90cnltZQ0KMTAwMA0KcGlAcmFzcGJlcnJ5cGk6fiQg'
82,b'Li90cnltZQ0KMTAwMA0KcGlAcmFzcGJlcnJ5cGk6fiQg'
82,b'Li90cnltZQ0KMTAwMA0KcGlAcmFzcGJlcnJ5cGk6fiQg'
89,b'Li90cnltZQ0KMTAwMA0KcGlAcmFzcGJlcnJ5cGk6fiQg'
89,b'Li90cnltZQ0KMTAwMA0KcGlAcmFzcGJlcnJ5cGk6fiQg'
89,b'Li90cnltZQ0KMTAwMA0KcGlAcmFzcGJlcnJ5cGk6fiQg'
89,b'Li90cnltZQ0KMTAwMA0KcGlAcmFzcGJlcnJ5cGk6fiQg'
89,b'Li90cnltZQ0KMTAwMA0KcGlAcmFzcGJlcnJ5cGk6fiQg'
89,b'Li90cnltZQ0K'
89,b'IC4vdHJ5bWUNCjEwMDANCnBpQHJhc3BiZXJyeXBpOn4kIA=='
89,b'Li90cnltZQ0KMTAwMA0KcGlAcmFzcGJlcnJ5cGk6fiQg'
89,b'Li90cnltZQ0KMTAwMA0KcGlAcmFzcGJlcnJ5cGk6fiQg'
89,b'Li90cnltZQ0KMTAwMA0KcGlAcmFzcGJlcnJ5cGk6fiQg'
89,b'Li90cnltZQ0KMTAwMA0KcGlAcmFzcGJlcnJ5cGk6fiQg'
96,b'Li90cnltZQ0KMTAwMA0KcGlAcmFzcGJlcnJ5cGk6fiQg'
96,b'Li90cnltZQ0KMTAwMA0KcGlAcmFzcGJlcnJ5cGk6fiQg'
96,b'Li90cnltZQ0KMTAwMA0KcGlAcmFzcGJlcnJ5cGk6fiQg'
96,b'Li90cnltZQ0KMTAwMA0KcGlAcmFzcGJlcnJ5cGk6fiQg'
96,b'Li90cnltZQ0KMTAwMA0KcGlAcmFzcGJlcnJ5cGk6fiQg'
96,b'Li90cnltZQ0KMTAwMA0KcGlAcmFzcGJlcnJ5cGk6fiQg'
96,b'Li90cnltZQ0KMTAwMA0KcGlAcmFzcGJlcnJ5cGk6fiQg'
96,b'Li90cnltZQ0KMTAwMA0KcGlAcmFzcGJlcnJ5cGk6fiQg'
96,b'Li90cnltZQ0KMTAwMA0KcGlAcmFzcGJlcnJ5cGk6fiQg'
96,b'Li90cnltZQ0KMTAwMA0KcGlAcmFzcGJlcnJ5cGk6fiQg'
96,b'Li90cnltZQ0KMTAwMA0KcGlAcmFzcGJlcnJ5cGk6fiQg'
103,b'Li90cnltZQ0KMTAwMA0KcGlAcmFzcGJlcnJ5cGk6fiQg'
103,b'Li90cnltZQ0KMTAwMA0KcGlAcmFzcGJlcnJ5cGk6fiQg'
103,b'Li90cnltZQ0KMTAwMA0KcGlAcmFzcGJlcnJ5cGk6fiQg'
103,b'Li90cnltZQ0KMTAwMA0KcGlAcmFzcGJlcnJ5cGk6fiQg'
103,b'Li90cnltZQ0KMTAwMA0KcGlAcmFzcGJlcnJ5cGk6fiQg'
103,b'Li90cnltZQ0KMTAwMA0KcGlAcmFzcGJlcnJ5cGk6fiQg'
103,b'Li90cnltZQ0KMTAwMA0KcGlAcmFzcGJlcnJ5cGk6fiQg'
103,b'Li90cnltZQ0KMTAwMA0KcGlAcmFzcGJlcnJ5cGk6fiQg'
103,b'Li90cnltZQ0KMTAwMA0KcGlAcmFzcGJlcnJ5cGk6fiQg'
103,b'Li90cnltZQ0KMTAwMA0KcGlAcmFzcGJlcnJ5cGk6fiQg'
103,b'Li90cnltZQ0KMTAwMA0KcGlAcmFzcGJlcnJ5cGk6fiQg'
110,b'Li90cnltZQ0KMTAwMA0KcGlAcmFzcGJlcnJ5cGk6fiQg'
110,b'Li90cnltZQ0KMTAwMA0KcGlAcmFzcGJlcnJ5cGk6fiQg'
110,b'Li90cnltZQ0KMTAwMA0KcGlAcmFzcGJlcnJ5cGk6fiQg'
110,b'Li90cnltZQ0KMTAwMA0KcGlAcmFzcGJlcnJ5cGk6fiQg'
110,b'Li90cnltZQ0KMTAwMA0KcGlAcmFzcGJlcnJ5cGk6fiQg'
110,b'Li90cnltZQ0KMTAwMA0KcGlAcmFzcGJlcnJ5cGk6fiQg'
110,b'Li90cnltZQ0KMTAwMA0KcGlAcmFzcGJlcnJ5cGk6fiQg'
110,b'Li90cnltZQ0KMTAwMA0KcGlAcmFzcGJlcnJ5cGk6fiQg'
110,b'Li90cnltZQ0KMTAwMA0KcGlAcmFzcGJlcnJ5cGk6fiQg'
110,b'Li90cnltZQ0KMTAwMA0KcGlAcmFzcGJlcnJ5cGk6fiQg'
110,b'Li90cnltZQ0KMTAwMA0KcGlAcmFzcGJlcnJ5cGk6fiQg'
117,b'Li90cnltZQ0KMTAwMA0KcGlAcmFzcGJlcnJ5cGk6fiQg'
117,b'Li90cnltZQ0KMTAwMA0KcGlAcmFzcGJlcnJ5cGk6fiQg'
117,b'Li90cnltZQ0KMTAwMA0KcGlAcmFzcGJlcnJ5cGk6fiQg'
117,b'Li90cnltZQ0KMTAwMA0KcGlAcmFzcGJlcnJ5cGk6fiQg'
117,b'Li90cnltZQ0KMTAwMA0KcGlAcmFzcGJlcnJ5cGk6fiQg'
117,b'Li90cnltZQ0KMTAwMA0KcGlAcmFzcGJlcnJ5cGk6fiQg'
117,b'Li90cnltZQ0KMTAwMA0KcGlAcmFzcGJlcnJ5cGk6fiQg'
117,b'Li90cnltZQ0KMTAwMA0KcGlAcmFzcGJlcnJ5cGk6fiQg'
117,b'Li90cnltZQ0KMTAwMA0KcGlAcmFzcGJlcnJ5cGk6fiQg'
117,b'Li90cnltZQ0KMTAwMA0KcGlAcmFzcGJlcnJ5cGk6fiQg'
117,b'Li90cnltZQ0KMTAwMA0KcGlAcmFzcGJlcnJ5cGk6fiQg'
124,b'Li90cnltZQ0KMTAwMA0KcGlAcmFzcGJlcnJ5cGk6fiQg'
124,b'Li90cnltZQ0KMTAwMA0KcGlAcmFzcGJlcnJ5cGk6fiQg'
124,b'Li90cnltZQ0KMTAwMA0KcGlAcmFzcGJlcnJ5cGk6fiQg'
124,b'Li90cnltZQ0KMTAwMA0KcGlAcmFzcGJlcnJ5cGk6fiQg'
124,b'Li90cnltZQ0KMTAwMA0KcGlAcmFzcGJlcnJ5cGk6fiQg'
124,b'Li90cnltZQ0KMTAwMA0KcGlAcmFzcGJlcnJ5cGk6fiQg'
124,b'Li90cnltZQ0KMTAwMA0KcGlAcmFzcGJlcnJ5cGk6fiQg'
124,b'Li90cnltZQ0KMTAwMA0KcGlAcmFzcGJlcnJ5cGk6fiQg'
124,b'Li90cnltZQ0KMTAwMA0KcGlAcmFzcGJlcnJ5cGk6fiQg'
124,b'Li90cnltZQ0KMTAwMA0KcGlAcmFzcGJlcnJ5cGk6fiQg'
124,b'Li90cnltZQ0KMTAwMA0KcGlAcmFzcGJlcnJ5cGk6fiQg'
131,b'Li90cnltZQ0KMTAwMA0KcGlAcmFzcGJlcnJ5cGk6fiQg'
131,b'Li90cnltZQ0KMTAwMA0KcGlAcmFzcGJlcnJ5cGk6fiQg'
131,b'Li90cnltZQ0KMTAwMA0KcGlAcmFzcGJlcnJ5cGk6fiQg'
131,b'Li90cnltZQ0KMTAwMA0KcGlAcmFzcGJlcnJ5cGk6fiQg'
131,b'Li90cnltZQ0KMTAwMA0KcGlAcmFzcGJlcnJ5cGk6fiQg'
131,b'Li90cnltZQ0KMTAwMA0KcGlAcmFzcGJlcnJ5cGk6fiQg'
131,b'Li90cnltZQ0KMTAwMA0KcGlAcmFzcGJlcnJ5cGk6fiQg'
131,b'Li90cnltZQ0KMTAwMA0KcGlAcmFzcGJlcnJ5cGk6fiQg'
131,b'Li90cnltZQ0KMTAwMA0KcGlAcmFzcGJlcnJ5cGk6fiQg'
131,b'Li90cnltZQ0KMTAwMA0KcGlAcmFzcGJlcnJ5cGk6fiQg'
131,b'Li90cnltZQ0KMTAwMA0KcGlAcmFzcGJlcnJ5cGk6fiQg'
138,b'Li90cnltZQ0KMTAwMA0KcGlAcmFzcGJlcnJ5cGk6fiQg'
138,b'Li90cnltZQ0KMTAwMA0KcGlAcmFzcGJlcnJ5cGk6fiQg'
138,b'Li90cnltZQ0KMTAwMA0KcGlAcmFzcGJlcnJ5cGk6fiQg'
138,b'Li90cnltZQ0KMTAwMA0KcGlAcmFzcGJlcnJ5cGk6fiQg'
138,b'Li90cnltZQ0KMTAwMA0KcGlAcmFzcGJlcnJ5cGk6fiQg'
138,b'Li90cnltZQ0KMTAwMA0KcGlAcmFzcGJlcnJ5cGk6fiQg'
138,b'Li90cnltZQ0KMTAwMA0KcGlAcmFzcGJlcnJ5cGk6fiQg'
138,b'Li90cnltZQ0KMTAwMA0KcGlAcmFzcGJlcnJ5cGk6fiQg'
138,b'Li90cnltZQ0KMTAwMA0KcGlAcmFzcGJlcnJ5cGk6fiQg'
138,b'Li90cnltZQ0KMTAwMA0KcGlAcmFzcGJlcnJ5cGk6fiQg'
138,b'Li90cnltZQ0KMTAwMA0KcGlAcmFzcGJlcnJ5cGk6fiQg'
145,b'Li90cnltZQ0KMTAwMA0KcGlAcmFzcGJlcnJ5cGk6fiQg'
145,b'Li90cnltZQ0KMTAwMA0KcGlAcmFzcGJlcnJ5cGk6fiQg'
145,b'Li90cnltZQ0KMTAwMA0KcGlAcmFzcGJlcnJ5cGk6fiQg'
145,b'Li90cnltZQ0KMTAwMA0KcGlAcmFzcGJlcnJ5cGk6fiQg'
145,b'Li90cnltZQ0KMTAwMA0KcGlAcmFzcGJlcnJ5cGk6fiQg'
145,b'Li90cnltZQ0KMTAwMA0KcGlAcmFzcGJlcnJ5cGk6fiQg'
145,b'Li90cnltZQ0KMTAwMA0KcGlAcmFzcGJlcnJ5cGk6fiQg'
145,b'Li90cnltZQ0KMTAwMA0KcGlAcmFzcGJlcnJ5cGk6fiQg'
145,b'Li90cnltZQ0KMTAwMA0KcGlAcmFzcGJlcnJ5cGk6fiQg'
145,b'Li90cnltZQ0KMTAwMA0KcGlAcmFzcGJlcnJ5cGk6fiQg'
145,b'Li90cnltZQ0KMTAwMA0KcGlAcmFzcGJlcnJ5cGk6fiQg'
152,b'Li90cnltZQ0KMTAwMA0KcGlAcmFzcGJlcnJ5cGk6fiQg'
152,b'Li90cnltZQ0KMTAwMA0KcGlAcmFzcGJlcnJ5cGk6fiQg'
152,b'Li90cnltZQ0KMTAwMA0KcGlAcmFzcGJlcnJ5cGk6fiQg'
152,b'Li90cnltZQ0KMTAwMA0KcGlAcmFzcGJlcnJ5cGk6fiQg'
152,b'Li90cnltZQ0KMTAwMA0KcGlAcmFzcGJlcnJ5cGk6fiQg'
152,b'Li90cnltZQ0KMTAwMA0KcGlAcmFzcGJlcnJ5cGk6fiQg'
152,b'Li90cnltZQ0KMTAwMA0KcGlAcmFzcGJlcnJ5cGk6fiQg'
152,b'Li90cnltZQ0KMTAwMA0KcGlAcmFzcGJlcnJ5cGk6fiQg'
152,b'Li90cnltZQ0KMTAwMA0KcGlAcmFzcGJlcnJ5cGk6fiQg'
152,b'Li90cnltZQ0KMTAwMA0KcGlAcmFzcGJlcnJ5cGk6fiQg'
152,b'Li90cnltZQ0KMTAwMA0KcGlAcmFzcGJlcnJ5cGk6fiQg'
159,b'Li90cnltZQ0KMTAwMA0KcGlAcmFzcGJlcnJ5cGk6fiQg'
159,b'Li90cnltZQ0KMTAwMA0KcGlAcmFzcGJlcnJ5cGk6fiQg'
159,b'Li90cnltZQ0KMTAwMA0KcGlAcmFzcGJlcnJ5cGk6fiQg'
159,b'Li90cnltZQ0KMTAwMA0KcGlAcmFzcGJlcnJ5cGk6fiQg'
159,b'Li90cnltZQ0KMTAwMA0KcGlAcmFzcGJlcnJ5cGk6fiQg'
159,b'Li90cnltZQ0KMTAwMA0KcGlAcmFzcGJlcnJ5cGk6fiQg'
159,b'Li90cnltZQ0KMTAwMA0KcGlAcmFzcGJlcnJ5cGk6fiQg'
159,b'Li90cnltZQ0KMTAwMA0KcGlAcmFzcGJlcnJ5cGk6fiQg'
159,b'Li90cnltZQ0KMTAwMA0KcGlAcmFzcGJlcnJ5cGk6fiQg'
159,b'Li90cnltZQ0KMTAwMA0KcGlAcmFzcGJlcnJ5cGk6fiQg'
159,b'Li90cnltZQ0KMTAwMA0KcGlAcmFzcGJlcnJ5cGk6fiQg'
166,b'Li90cnltZQ0KMTAwMA0KcGlAcmFzcGJlcnJ5cGk6fiQg'
166,b'Li90cnltZQ0KMTAwMA0KcGlAcmFzcGJlcnJ5cGk6fiQg'
166,b'Li90cnltZQ0KMTAwMA0KcGlAcmFzcGJlcnJ5cGk6fiQg'
166,b'Li90cnltZQ0KMTAwMA0KcGlAcmFzcGJlcnJ5cGk6fiQg'
166,b'Li90cnltZQ0KMTAwMA0KcGlAcmFzcGJlcnJ5cGk6fiQg'
166,b'Li90cnltZQ0KMTAwMA0KcGlAcmFzcGJlcnJ5cGk6fiQg'
166,b'Li90cnltZQ0KMTAwMA0KcGlAcmFzcGJlcnJ5cGk6fiQg'
166,b'Li90cnltZQ0KMTAwMA0KcGlAcmFzcGJlcnJ5cGk6fiQg'
166,b'Li90cnltZQ0KMTAwMA0KcGlAcmFzcGJlcnJ5cGk6fiQg'
166,b'Li90cnltZQ0KMTAwMA0KcGlAcmFzcGJlcnJ5cGk6fiQg'
166,b'Li90cnltZQ0KMTAwMA0KcGlAcmFzcGJlcnJ5cGk6fiQg'
173,b'Li90cnltZQ0KMTAwMA0KcGlAcmFzcGJlcnJ5cGk6fiQg'
173,b'Li90cnltZQ0KMTAwMA0KcGlAcmFzcGJlcnJ5cGk6fiQg'
173,b'Li90cnltZQ0KMTAwMA0KcGlAcmFzcGJlcnJ5cGk6fiQg'
173,b'Li90cnltZQ0KMTAwMA0KcGlAcmFzcGJlcnJ5cGk6fiQg'
173,b'Li90cnltZQ0KMTAwMA0KcGlAcmFzcGJlcnJ5cGk6fiQg'
173,b'Li90cnltZQ0KMTAwMA0KcGlAcmFzcGJlcnJ5cGk6fiQg'
173,b'Li90cnltZQ0KMTAwMA0KcGlAcmFzcGJlcnJ5cGk6fiQg'
173,b'Li90cnltZQ0KMTAwMA0KcGlAcmFzcGJlcnJ5cGk6fiQg'
173,b'Li90cnltZQ0KMTAwMA0KcGlAcmFzcGJlcnJ5cGk6fiQg'
173,b'Li90cnltZQ0KMTAwMA0KcGlAcmFzcGJlcnJ5cGk6fiQg'
173,b'Li90cnltZQ0KMTAwMA0KcGlAcmFzcGJlcnJ5cGk6fiQg'
180,b'Li90cnltZQ0KMTAwMA0KcGlAcmFzcGJlcnJ5cGk6fiQg'
180,b'Li90cnltZQ0KMTAwMA0KcGlAcmFzcGJlcnJ5cGk6fiQg'
180,b'Li90cnltZQ0KMTAwMA0KcGlAcmFzcGJlcnJ5cGk6fiQg'
180,b'Li90cnltZQ0KMTAwMA0KcGlAcmFzcGJlcnJ5cGk6fiQg'
180,b'Li90cnltZQ0KMTAwMA0KcGlAcmFzcGJlcnJ5cGk6fiQg'
180,b'Li90cnltZQ0KMTAwMA0KcGlAcmFzcGJlcnJ5cGk6fiQg'
180,b'Li90cnltZQ0KMTAwMA0KcGlAcmFzcGJlcnJ5cGk6fiQg'
180,b'Li90cnltZQ0KMTAwMA0KcGlAcmFzcGJlcnJ5cGk6fiQg'
180,b'Li90cnltZQ0KMTAwMA0KcGlAcmFzcGJlcnJ5cGk6fiQg'
180,b'Li90cnltZQ0KMTAwMA0KcGlAcmFzcGJlcnJ5cGk6fiQg'
180,b'Li90cnltZQ0KMTAwMA0KcGlAcmFzcGJlcnJ5cGk6fiQg'
187,b'Li90cnltZQ0KMTAwMA0KcGlAcmFzcGJlcnJ5cGk6fiQg'
187,b'Li90cnltZQ0KMTAwMA0KcGlAcmFzcGJlcnJ5cGk6fiQg'
187,b'Li90cnltZQ0KMTAwMA0KcGlAcmFzcGJlcnJ5cGk6fiQg'
187,b'Li90cnltZQ0KMTAwMA0KcGlAcmFzcGJlcnJ5cGk6fiQg'
187,b'Li90cnltZQ0KMTAwMA0KcGlAcmFzcGJlcnJ5cGk6fiQg'
187,b'Li90cnltZQ0KMTAwMA0KcGlAcmFzcGJlcnJ5cGk6fiQg'
187,b'Li90cnltZQ0KMTAwMA0KcGlAcmFzcGJlcnJ5cGk6fiQg'
187,b'Li90cnltZQ0KMTAwMA0KcGlAcmFzcGJlcnJ5cGk6fiQg'
187,b'Li90cnltZQ0KMTAwMA0KcGlAcmFzcGJlcnJ5cGk6fiQg'
187,b'Li90cnltZQ0KMTAwMA0KcGlAcmFzcGJlcnJ5cGk6fiQg'
187,b'Li90cnltZQ0KMTAwMA0KcGlAcmFzcGJlcnJ5cGk6fiQg'
194,b'Li90cnltZQ0KMTAwMA0KcGlAcmFzcGJlcnJ5cGk6fiQg'
194,b'Li90cnltZQ0KMTAwMA0KcGlAcmFzcGJlcnJ5cGk6fiQg'
194,b'Li90cnltZQ0KMTAwMA0KcGlAcmFzcGJlcnJ5cGk6fiQg'
194,b'Li90cnltZQ0KMTAwMA0KcGlAcmFzcGJlcnJ5cGk6fiQg'
194,b'Li90cnltZQ0KMTAwMA0KcGlAcmFzcGJlcnJ5cGk6fiQg'
194,b'Li90cnltZQ0KMTAwMA0KcGlAcmFzcGJlcnJ5cGk6fiQg'
194,b'Li90cnltZQ0KMTAwMA0KcGlAcmFzcGJlcnJ5cGk6fiQg'
194,b'Li90cnltZQ0KMTAwMA0KcGlAcmFzcGJlcnJ5cGk6fiQg'
194,b'Li90cnltZQ0KMTAwMA0KcGlAcmFzcGJlcnJ5cGk6fiQg'
194,b'Li90cnltZQ0KMTAwMA0KcGlAcmFzcGJlcnJ5cGk6fiQg'
194,b'Li90cnltZQ0KMTAwMA0KcGlAcmFzcGJlcnJ5cGk6fiQg'
201,b'Li90cnltZQ0KMTAwMA0KcGlAcmFzcGJlcnJ5cGk6fiQg'
201,b'Li90cnltZQ0KMTAwMA0KcGlAcmFzcGJlcnJ5cGk6fiQg'
201,b'Li90cnltZQ0KMTAwMA0KcGlAcmFzcGJlcnJ5cGk6fiQg'
201,b'Li90cnltZQ0KMTAwMA0KcGlAcmFzcGJlcnJ5cGk6fiQg'
201,b'Li90cnltZQ0KMTAwMA0KcGlAcmFzcGJlcnJ5cGk6fiQg'
201,b'Li90cnltZQ0KMTAwMA0KcGlAcmFzcGJlcnJ5cGk6fiQg'
201,b'Li90cnltZQ0KMTAwMA0KcGlAcmFzcGJlcnJ5cGk6fiQg'
201,b'Li90cnltZQ0KMTAwMA0KcGlAcmFzcGJlcnJ5cGk6fiQg'
201,b'Li90cnltZQ0KMTAwMA0KcGlAcmFzcGJlcnJ5cGk6fiQg'
201,b'Li90cnltZQ0KMTAwMA0KcGlAcmFzcGJlcnJ5cGk6fiQg'
201,b'Li90cnltZQ0KMTAwMA0KcGlAcmFzcGJlcnJ5cGk6fiQg'
208,b'Li90cnltZQ0KMTAwMA0KcGlAcmFzcGJlcnJ5cGk6fiQg'
208,b'Li90cnltZQ0KMTAwMA0KcGlAcmFzcGJlcnJ5cGk6fiQg'
208,b'Li90cnltZQ0KMTAwMA0KcGlAcmFzcGJlcnJ5cGk6fiQg'
208,b'Li90cnltZQ0KMTAwMA0KcGlAcmFzcGJlcnJ5cGk6fiQg'
208,b'Li90cnltZQ0KMTAwMA0KcGlAcmFzcGJlcnJ5cGk6fiQg'
208,b'Li90cnltZQ0KMTAwMA0KcGlAcmFzcGJlcnJ5cGk6fiQg'
208,b'Li90cnltZQ0KMTAwMA0KcGlAcmFzcGJlcnJ5cGk6fiQg'
208,b'Li90cnltZQ0KMTAwMA0KcGlAcmFzcGJlcnJ5cGk6fiQg'
208,b'Li90cnltZQ0KMTAwMA0KcGlAcmFzcGJlcnJ5cGk6fiQg'
208,b'Li90cnltZQ0KMTAwMA0KcGlAcmFzcGJlcnJ5cGk6fiQg'
208,b'Li90cnltZQ0KMTAwMA0KcGlAcmFzcGJlcnJ5cGk6fiQg'
215,b'Li90cnltZQ0KMTAwMA0KcGlAcmFzcGJlcnJ5cGk6fiQg'
215,b'Li90cnltZQ0KMTAwMA0KcGlAcmFzcGJlcnJ5cGk6fiQg'
215,b'Li90cnltZQ0KMTAwMA0KcGlAcmFzcGJlcnJ5cGk6fiQg'
215,b'Li90cnltZQ0KMTAwMA0KcGlAcmFzcGJlcnJ5cGk6fiQg'
215,b'Li90cnltZQ0KMTAwMA0KcGlAcmFzcGJlcnJ5cGk6fiQg'
215,b'Li90cnltZQ0KMTAwMA0KcGlAcmFzcGJlcnJ5cGk6fiQg'
215,b'Li90cnltZQ0KMTAwMA0KcGlAcmFzcGJlcnJ5cGk6fiQg'
215,b'Li90cnltZQ0KMTAwMA0KcGlAcmFzcGJlcnJ5cGk6fiQg'
215,b'Li90cnltZQ0KMTAwMA0KcGlAcmFzcGJlcnJ5cGk6fiQg'
215,b'Li90cnltZQ0KMTAwMA0KcGlAcmFzcGJlcnJ5cGk6fiQg'
215,b'Li90cnltZQ0KMTAwMA0KcGlAcmFzcGJlcnJ5cGk6fiQg'
222,b'Li90cnltZQ0KMTAwMA0KcGlAcmFzcGJlcnJ5cGk6fiQg'
222,b'Li90cnltZQ0KMTAwMA0KcGlAcmFzcGJlcnJ5cGk6fiQg'
222,b'Li90cnltZQ0KMTAwMA0KcGlAcmFzcGJlcnJ5cGk6fiQg'
222,b'Li90cnltZQ0KMTAwMA0KcGlAcmFzcGJlcnJ5cGk6fiQg'
222,b'Li90cnltZQ0KMTAwMA0KcGlAcmFzcGJlcnJ5cGk6fiQg'
222,b'Li90cnltZQ0KMTAwMA0KcGlAcmFzcGJlcnJ5cGk6fiQg'
222,b'Li90cnltZQ0KMTAwMA0KcGlAcmFzcGJlcnJ5cGk6fiQg'
222,b'Li90cnltZQ0KMTAwMA0KcGlAcmFzcGJlcnJ5cGk6fiQg'
222,b'Li90cnltZQ0KMTAwMA0KcGlAcmFzcGJlcnJ5cGk6fiQg'
222,b'Li90cnltZQ0KMTAwMA0KcGlAcmFzcGJlcnJ5cGk6fiQg'
222,b'Li90cnltZQ0KMTAwMA0KcGlAcmFzcGJlcnJ5cGk6fiQg'
229,b'Li90cnltZQ0KMTAwMA0KcGlAcmFzcGJlcnJ5cGk6fiQg'
229,b'Li90cnltZQ0KMTAwMA0KcGlAcmFzcGJlcnJ5cGk6fiQg'
229,b'Li90cnltZQ0KMTAwMA0KcGlAcmFzcGJlcnJ5cGk6fiQg'
229,b'Li90cnltZQ0KMTAwMA0KcGlAcmFzcGJlcnJ5cGk6fiQg'
229,b'Li90cnltZQ0KMTAwMA0KcGlAcmFzcGJlcnJ5cGk6fiQg'
229,b'Li90cnltZQ0KMTAwMA0KcGlAcmFzcGJlcnJ5cGk6fiQg'
229,b'Li90cnltZQ0KMTAwMA0KcGlAcmFzcGJlcnJ5cGk6fiQg'
229,b'Li90cnltZQ0KMTAwMA0KcGlAcmFzcGJlcnJ5cGk6fiQg'
229,b'Li90cnltZQ0KMTAwMA0KcGlAcmFzcGJlcnJ5cGk6fiQg'
229,b'Li90cnltZQ0KMTAwMA0KcGlAcmFzcGJlcnJ5cGk6fiQg'
229,b'Li90cnltZQ0KMTAwMA0KcGlAcmFzcGJlcnJ5cGk6fiQg'
236,b'Li90cnltZQ0KMTAwMA0KcGlAcmFzcGJlcnJ5cGk6fiQg'
236,b'Li90cnltZQ0KMTAwMA0KcGlAcmFzcGJlcnJ5cGk6fiQg'
236,b'Li90cnltZQ0KMTAwMA0KcGlAcmFzcGJlcnJ5cGk6fiQg'
236,b'Li90cnltZQ0KMTAwMA0KcGlAcmFzcGJlcnJ5cGk6fiQg'
236,b'Li90cnltZQ0KMTAwMA0KcGlAcmFzcGJlcnJ5cGk6fiQg'
236,b'Li90cnltZQ0KMTAwMA0KcGlAcmFzcGJlcnJ5cGk6fiQg'
236,b'Li90cnltZQ0KMTAwMA0KcGlAcmFzcGJlcnJ5cGk6fiQg'
236,b'Li90cnltZQ0KMTAwMA0KcGlAcmFzcGJlcnJ5cGk6fiQg'
236,b'Li90cnltZQ0KMTAwMA0KcGlAcmFzcGJlcnJ5cGk6fiQg'
236,b'Li90cnltZQ0KMTAwMA0KcGlAcmFzcGJlcnJ5cGk6fiQg'
236,b'Li90cnltZQ0KMTAwMA0KcGlAcmFzcGJlcnJ5cGk6fiQg'
243,b'Li90cnltZQ0KMTAwMA0KcGlAcmFzcGJlcnJ5cGk6fiQg'
243,b'Li90cnltZQ0KMTAwMA0KcGlAcmFzcGJlcnJ5cGk6fiQg'
243,b'Li90cnltZQ0KMTAwMA0KcGlAcmFzcGJlcnJ5cGk6fiQg'
243,b'Li90cnltZQ0KMTAwMA0KcGlAcmFzcGJlcnJ5cGk6fiQg'
243,b'Li90cnltZQ0KMTAwMA0KcGlAcmFzcGJlcnJ5cGk6fiQg'
243,b'Li90cnltZQ0KMTAwMA0KcGlAcmFzcGJlcnJ5cGk6fiQg'
243,b'Li90cnltZQ0KMTAwMA0KcGlAcmFzcGJlcnJ5cGk6fiQg'
243,b'Li90cnltZQ0KMTAwMA0KcGlAcmFzcGJlcnJ5cGk6fiQg'
243,b'Li90cnltZQ0KMTAwMA0KcGlAcmFzcGJlcnJ5cGk6fiQg'
243,b'Li90cnltZQ0KMTAwMA0KcGlAcmFzcGJlcnJ5cGk6fiQg'
243,b'Li90cnltZQ0KMTAwMA0KcGlAcmFzcGJlcnJ5cGk6fiQg'
250,b'Li90cnltZQ0KMTAwMA0KcGlAcmFzcGJlcnJ5cGk6fiQg'
250,b'Li90cnltZQ0KMTAwMA0KcGlAcmFzcGJlcnJ5cGk6fiQg'
250,b'Li90cnltZQ0KMTAwMA0KcGlAcmFzcGJlcnJ5cGk6fiQg'
250,b'Li90cnltZQ0KMTAwMA0KcGlAcmFzcGJlcnJ5cGk6fiQg'
250,b'Li90cnltZQ0KMTAwMA0KcGlAcmFzcGJlcnJ5cGk6fiQg'
250,b'Li90cnltZQ0KMTAwMA0KcGlAcmFzcGJlcnJ5cGk6fiQg'
250,b'Li90cnltZQ0KMTAwMA0KcGlAcmFzcGJlcnJ5cGk6fiQg'
250,b'Li90cnltZQ0KMTAwMA0KcGlAcmFzcGJlcnJ5cGk6fiQg'
250,b'Li90cnltZQ0KMTAwMA0KcGlAcmFzcGJlcnJ5cGk6fiQg'
250,b'Li90cnltZQ0KMTAwMA0KcGlAcmFzcGJlcnJ5cGk6fiQg'
250,b'Li90cnltZQ0KMTAwMA0KcGlAcmFzcGJlcnJ5cGk6fiQg'
257,b'Li90cnltZQ0KMTAwMA0KcGlAcmFzcGJlcnJ5cGk6fiQg'
257,b'Li90cnltZQ0KMTAwMA0KcGlAcmFzcGJlcnJ5cGk6fiQg'
257,b'Li90cnltZQ0KMTAwMA0KcGlAcmFzcGJlcnJ5cGk6fiQg'
257,b'Li90cnltZQ0KMTAwMA0KcGlAcmFzcGJlcnJ5cGk6fiQg'
257,b'Li90cnltZQ0KMTAwMA0KcGlAcmFzcGJlcnJ5cGk6fiQg'
257,b'Li90cnltZQ0KMTAwMA0KcGlAcmFzcGJlcnJ5cGk6fiQg'
257,b'Li90cnltZQ0KMTAwMA0KcGlAcmFzcGJlcnJ5cGk6fiQg'
257,b'Li90cnltZQ0KMTAwMA0KcGlAcmFzcGJlcnJ5cGk6fiQg'
257,b'Li90cnltZQ0KMTAwMA0KcGlAcmFzcGJlcnJ5cGk6fiQg'
257,b'Li90cnltZQ0KMTAwMA0KcGlAcmFzcGJlcnJ5cGk6fiQg'
257,b'Li90cnltZQ0KMTAwMA0KcGlAcmFzcGJlcnJ5cGk6fiQg'
264,b'Li90cnltZQ0KMTAwMA0KcGlAcmFzcGJlcnJ5cGk6fiQg'
264,b'Li90cnltZQ0KMTAwMA0KcGlAcmFzcGJlcnJ5cGk6fiQg'
264,b'Li90cnltZQ0KMTAwMA0KcGlAcmFzcGJlcnJ5cGk6fiQg'
264,b'Li90cnltZQ0KMTAwMA0KcGlAcmFzcGJlcnJ5cGk6fiQg'
264,b'Li90cnltZQ0KMTAwMA0KcGlAcmFzcGJlcnJ5cGk6fiQg'
264,b'Li90cnltZQ0KMTAwMA0KcGlAcmFzcGJlcnJ5cGk6fiQg'
264,b'Li90cnltZQ0KMTAwMA0KcGlAcmFzcGJlcnJ5cGk6fiQg'
264,b'Li90cnltZQ0KMTAwMA0KcGlAcmFzcGJlcnJ5cGk6fiQg'
264,b'Li90cnltZQ0KMTAwMA0KcGlAcmFzcGJlcnJ5cGk6fiQg'
264,b'Li90cnltZQ0KMTAwMA0KcGlAcmFzcGJlcnJ5cGk6fiQg'
264,b'Li90cnltZQ0KMTAwMA0KcGlAcmFzcGJlcnJ5cGk6fiQg'
271,b'Li90cnltZQ0KMTAwMA0KcGlAcmFzcGJlcnJ5cGk6fiQg'
271,b'Li90cnltZQ0KMTAwMA0KcGlAcmFzcGJlcnJ5cGk6fiQg'
271,b'Li90cnltZQ0KMTAwMA0KcGlAcmFzcGJlcnJ5cGk6fiQg'
271,b'Li90cnltZQ0KMTAwMA0KcGlAcmFzcGJlcnJ5cGk6fiQg'
271,b'Li90cnltZQ0KMTAwMA0KcGlAcmFzcGJlcnJ5cGk6fiQg'
271,b'Li90cnltZQ0KMTAwMA0KcGlAcmFzcGJlcnJ5cGk6fiQg'
271,b'Li90cnltZQ0KMTAwMA0KcGlAcmFzcGJlcnJ5cGk6fiQg'
271,b'Li90cnltZQ0KMTAwMA0KcGlAcmFzcGJlcnJ5cGk6fiQg'
271,b'Li90cnltZQ0KMTAwMA0KcGlAcmFzcGJlcnJ5cGk6fiQg'
271,b'Li90cnltZQ0KMTAwMA0KcGlAcmFzcGJlcnJ5cGk6fiQg'
271,b'Li90cnltZQ0KMTAwMA0KcGlAcmFzcGJlcnJ5cGk6fiQg'
278,b'Li90cnltZQ0KMTAwMA0KcGlAcmFzcGJlcnJ5cGk6fiQg'
278,b'Li90cnltZQ0KMTAwMA0KcGlAcmFzcGJlcnJ5cGk6fiQg'
278,b'Li90cnltZQ0KMTAwMA0KcGlAcmFzcGJlcnJ5cGk6fiQg'
278,b'Li90cnltZQ0KMTAwMA0KcGlAcmFzcGJlcnJ5cGk6fiQg'
278,b'Li90cnltZQ0KMTAwMA0KcGlAcmFzcGJlcnJ5cGk6fiQg'
278,b'Li90cnltZQ0KMTAwMA0KcGlAcmFzcGJlcnJ5cGk6fiQg'
278,b'Li90cnltZQ0KMTAwMA0KcGlAcmFzcGJlcnJ5cGk6fiQg'
278,b'Li90cnltZQ0KMTAwMA0KcGlAcmFzcGJlcnJ5cGk6fiQg'
278,b'Li90cnltZQ0KMTAwMA0KcGlAcmFzcGJlcnJ5cGk6fiQg'
278,b'Li90cnltZQ0KMTAwMA0KcGlAcmFzcGJlcnJ5cGk6fiQg'
278,b'Li90cnltZQ0KMTAwMA0KcGlAcmFzcGJlcnJ5cGk6fiQg'
285,b'Li90cnltZQ0KMTAwMA0KcGlAcmFzcGJlcnJ5cGk6fiQg'
285,b'Li90cnltZQ0KMTAwMA0KcGlAcmFzcGJlcnJ5cGk6fiQg'
285,b'Li90cnltZQ0KMTAwMA0KcGlAcmFzcGJlcnJ5cGk6fiQg'
285,b'Li90cnltZQ0KMTAwMA0KcGlAcmFzcGJlcnJ5cGk6fiQg'
285,b'Li90cnltZQ0KMTAwMA0KcGlAcmFzcGJlcnJ5cGk6fiQg'
285,b'Li90cnltZQ0KMTAwMA0KcGlAcmFzcGJlcnJ5cGk6fiQg'
285,b'Li90cnltZQ0KMTAwMA0KcGlAcmFzcGJlcnJ5cGk6fiQg'
285,b'Li90cnltZQ0KMTAwMA0KcGlAcmFzcGJlcnJ5cGk6fiQg'
285,b'Li90cnltZQ0KMTAwMA0KcGlAcmFzcGJlcnJ5cGk6fiQg'
285,b'Li90cnltZQ0KMTAwMA0KcGlAcmFzcGJlcnJ5cGk6fiQg'
285,b'Li90cnltZQ0KMTAwMA0KcGlAcmFzcGJlcnJ5cGk6fiQg'
292,b'Li90cnltZQ0KMTAwMA0KcGlAcmFzcGJlcnJ5cGk6fiQg'
292,b'Li90cnltZQ0KMTAwMA0KcGlAcmFzcGJlcnJ5cGk6fiQg'
292,b'Li90cnltZQ0KMTAwMA0KcGlAcmFzcGJlcnJ5cGk6fiQg'
292,b'Li90cnltZQ0KMTAwMA0KcGlAcmFzcGJlcnJ5cGk6fiQg'
292,b'Li90cnltZQ0KMTAwMA0KcGlAcmFzcGJlcnJ5cGk6fiQg'
292,b'Li90cnltZQ0KMTAwMA0KcGlAcmFzcGJlcnJ5cGk6fiQg'
292,b'Li90cnltZQ0KMTAwMA0KcGlAcmFzcGJlcnJ5cGk6fiQg'
292,b'Li90cnltZQ0KMTAwMA0KcGlAcmFzcGJlcnJ5cGk6fiQg'
292,b'Li90cnltZQ0KMTAwMA0KcGlAcmFzcGJlcnJ5cGk6fiQg'
292,b'Li90cnltZQ0KMTAwMA0KcGlAcmFzcGJlcnJ5cGk6fiQg'
292,b'Li90cnltZQ0KMTAwMA0KcGlAcmFzcGJlcnJ5cGk6fiQg'
299,b'Li90cnltZQ0KMTAwMA0KcGlAcmFzcGJlcnJ5cGk6fiQg'
299,b'Li90cnltZQ0KMTAwMA0KcGlAcmFzcGJlcnJ5cGk6fiQg'
299,b'Li90cnltZQ0KMTAwMA0KcGlAcmFzcGJlcnJ5cGk6fiQg'
299,b'Li90cnltZQ0KMTAwMA0KcGlAcmFzcGJlcnJ5cGk6fiQg'
299,b'Li90cnltZQ0KMTAwMA0KcGlAcmFzcGJlcnJ5cGk6fiQg'
299,b'Li90cnltZQ0KMTAwMA0KcGlAcmFzcGJlcnJ5cGk6fiQg'
299,b'Li90cnltZQ0KMTAwMA0KcGlAcmFzcGJlcnJ5cGk6fiQg'
299,b'Li90cnltZQ0KMTAwMA0KcGlAcmFzcGJlcnJ5cGk6fiQg'
299,b'Li90cnltZQ0KMTAwMA0KcGlAcmFzcGJlcnJ5cGk6fiQg'
299,b'Li90cnltZQ0KMTAwMA0KcGlAcmFzcGJlcnJ5cGk6fiQg'
299,b'Li90cnltZQ0KMTAwMA0KcGlAcmFzcGJlcnJ5cGk6fiQg'
306,b'Li90cnltZQ0KMTAwMA0KcGlAcmFzcGJlcnJ5cGk6fiQg'
306,b'Li90cnltZQ0KMTAwMA0KcGlAcmFzcGJlcnJ5cGk6fiQg'
306,b'Li90cnltZQ0KMTAwMA0KcGlAcmFzcGJlcnJ5cGk6fiQg'
306,b'Li90cnltZQ0KMTAwMA0KcGlAcmFzcGJlcnJ5cGk6fiQg'
306,b'Li90cnltZQ0KMTAwMA0KcGlAcmFzcGJlcnJ5cGk6fiQg'
306,b'Li90cnltZQ0KMTAwMA0KcGlAcmFzcGJlcnJ5cGk6fiQg'
306,b'Li90cnltZQ0KMTAwMA0KcGlAcmFzcGJlcnJ5cGk6fiQg'
306,b'Li90cnltZQ0KMTAwMA0KcGlAcmFzcGJlcnJ5cGk6fiQg'
306,b'Li90cnltZQ0KMTAwMA0KcGlAcmFzcGJlcnJ5cGk6fiQg'
306,b'Li90cnltZQ0KMTAwMA0KcGlAcmFzcGJlcnJ5cGk6fiQg'
306,b'Li90cnltZQ0KMTAwMA0KcGlAcmFzcGJlcnJ5cGk6fiQg'
313,b'Li90cnltZQ0KMTAwMA0KcGlAcmFzcGJlcnJ5cGk6fiQg'
313,b'Li90cnltZQ0KMTAwMA0KcGlAcmFzcGJlcnJ5cGk6fiQg'
313,b'Li90cnltZQ0KMTAwMA0KcGlAcmFzcGJlcnJ5cGk6fiQg'
313,b'Li90cnltZQ0KMTAwMA0KcGlAcmFzcGJlcnJ5cGk6fiQg'
313,b'Li90cnltZQ0KMTAwMA0KcGlAcmFzcGJlcnJ5cGk6fiQg'
313,b'Li90cnltZQ0KMTAwMA0KcGlAcmFzcGJlcnJ5cGk6fiQg'
313,b'Li90cnltZQ0KMTAwMA0KcGlAcmFzcGJlcnJ5cGk6fiQg'
313,b'Li90cnltZQ0KMTAwMA0KcGlAcmFzcGJlcnJ5cGk6fiQg'
313,b'Li90cnltZQ0KMTAwMA0KcGlAcmFzcGJlcnJ5cGk6fiQg'
313,b'Li90cnltZQ0KMTAwMA0KcGlAcmFzcGJlcnJ5cGk6fiQg'
313,b'Li90cnltZQ0KMTAwMA0KcGlAcmFzcGJlcnJ5cGk6fiQg'
320,b'Li90cnltZQ0KMTAwMA0KcGlAcmFzcGJlcnJ5cGk6fiQg'
320,b'Li90cnltZQ0KMTAwMA0KcGlAcmFzcGJlcnJ5cGk6fiQg'
320,b'Li90cnltZQ0KMTAwMA0KcGlAcmFzcGJlcnJ5cGk6fiQg'
320,b'Li90cnltZQ0KMTAwMA0KcGlAcmFzcGJlcnJ5cGk6fiQg'
320,b'Li90cnltZQ0KMTAwMA0KcGlAcmFzcGJlcnJ5cGk6fiQg'
320,b'Li90cnltZQ0KMTAwMA0KcGlAcmFzcGJlcnJ5cGk6fiQg'
320,b'Li90cnltZQ0KMTAwMA0KcGlAcmFzcGJlcnJ5cGk6fiQg'
320,b'Li90cnltZQ0KMTAwMA0KcGlAcmFzcGJlcnJ5cGk6fiQg'
320,b'Li90cnltZQ0KMTAwMA0KcGlAcmFzcGJlcnJ5cGk6fiQg'
320,b'Li90cnltZQ0KMTAwMA0KcGlAcmFzcGJlcnJ5cGk6fiQg'
320,b'Li90cnltZQ0KMTAwMA0KcGlAcmFzcGJlcnJ5cGk6fiQg'
327,b'Li90cnltZQ0KMTAwMA0KcGlAcmFzcGJlcnJ5cGk6fiQg'
327,b'Li90cnltZQ0KMTAwMA0KcGlAcmFzcGJlcnJ5cGk6fiQg'
327,b'Li90cnltZQ0KMTAwMA0KcGlAcmFzcGJlcnJ5cGk6fiQg'
327,b'Li90cnltZQ0KMTAwMA0KcGlAcmFzcGJlcnJ5cGk6fiQg'
327,b'Li90cnltZQ0KMTAwMA0KcGlAcmFzcGJlcnJ5cGk6fiQg'
327,b'Li90cnltZQ0KMTAwMA0KcGlAcmFzcGJlcnJ5cGk6fiQg'
327,b'Li90cnltZQ0KMTAwMA0KcGlAcmFzcGJlcnJ5cGk6fiQg'
327,b'Li90cnltZQ0KMTAwMA0KcGlAcmFzcGJlcnJ5cGk6fiQg'
327,b'Li90cnltZQ0KMTAwMA0KcGlAcmFzcGJlcnJ5cGk6fiQg'
327,b'Li90cnltZQ0KMTAwMA0KcGlAcmFzcGJlcnJ5cGk6fiQg'
327,b'Li90cnltZQ0KMTAwMA0KcGlAcmFzcGJlcnJ5cGk6fiQg'
334,b'Li90cnltZQ0KMTAwMA0KcGlAcmFzcGJlcnJ5cGk6fiQg'
334,b'Li90cnltZQ0KMTAwMA0KcGlAcmFzcGJlcnJ5cGk6fiQg'
334,b'Li90cnltZQ0KMTAwMA0KcGlAcmFzcGJlcnJ5cGk6fiQg'
334,b'Li90cnltZQ0KMTAwMA0KcGlAcmFzcGJlcnJ5cGk6fiQg'
334,b'Li90cnltZQ0KMTAwMA0KcGlAcmFzcGJlcnJ5cGk6fiQg'
334,b'Li90cnltZQ0KMTAwMA0KcGlAcmFzcGJlcnJ5cGk6fiQg'
334,b'Li90cnltZQ0KMTAwMA0KcGlAcmFzcGJlcnJ5cGk6fiQg'
334,b'Li90cnltZQ0KMTAwMA0KcGlAcmFzcGJlcnJ5cGk6fiQg'
334,b'Li90cnltZQ0KMTAwMA0KcGlAcmFzcGJlcnJ5cGk6fiQg'
334,b'Li90cnltZQ0KMTAwMA0KcGlAcmFzcGJlcnJ5cGk6fiQg'
334,b'Li90cnltZQ0KMTAwMA0KcGlAcmFzcGJlcnJ5cGk6fiQg'
341,b'Li90cnltZQ0KMTAwMA0KcGlAcmFzcGJlcnJ5cGk6fiQg'
341,b'Li90cnltZQ0KMTAwMA0KcGlAcmFzcGJlcnJ5cGk6fiQg'
341,b'Li90cnltZQ0KMTAwMA0KcGlAcmFzcGJlcnJ5cGk6fiQg'
341,b'Li90cnltZQ0KMTAwMA0KcGlAcmFzcGJlcnJ5cGk6fiQg'
341,b'Li90cnltZQ0KMTAwMA0KcGlAcmFzcGJlcnJ5cGk6fiQg'
341,b'Li90cnltZQ0KMTAwMA0KcGlAcmFzcGJlcnJ5cGk6fiQg'
341,b'Li90cnltZQ0KMTAwMA0KcGlAcmFzcGJlcnJ5cGk6fiQg'
341,b'Li90cnltZQ0KMTAwMA0KcGlAcmFzcGJlcnJ5cGk6fiQg'
341,b'Li90cnltZQ0KMTAwMA0KcGlAcmFzcGJlcnJ5cGk6fiQg'
341,b'Li90cnltZQ0KMTAwMA0KcGlAcmFzcGJlcnJ5cGk6fiQg'
341,b'Li90cnltZQ0KMTAwMA0KcGlAcmFzcGJlcnJ5cGk6fiQg'
348,b'Li90cnltZQ0KMTAwMA0KcGlAcmFzcGJlcnJ5cGk6fiQg'
348,b'Li90cnltZQ0KMTAwMA0KcGlAcmFzcGJlcnJ5cGk6fiQg'
348,b'Li90cnltZQ0KMTAwMA0KcGlAcmFzcGJlcnJ5cGk6fiQg'
348,b'Li90cnltZQ0KMTAwMA0KcGlAcmFzcGJlcnJ5cGk6fiQg'
348,b'Li90cnltZQ0KMTAwMA0KcGlAcmFzcGJlcnJ5cGk6fiQg'
348,b'Li90cnltZQ0KMTAwMA0KcGlAcmFzcGJlcnJ5cGk6fiQg'
348,b'Li90cnltZQ0KMTAwMA0KcGlAcmFzcGJlcnJ5cGk6fiQg'
348,b'Li90cnltZQ0KMTAwMA0KcGlAcmFzcGJlcnJ5cGk6fiQg'
348,b'Li90cnltZQ0KMTAwMA0KcGlAcmFzcGJlcnJ5cGk6fiQg'
348,b'Li90cnltZQ0KMTAwMA0KcGlAcmFzcGJlcnJ5cGk6fiQg'
348,b'Li90cnltZQ0KMTAwMA0KcGlAcmFzcGJlcnJ5cGk6fiQg'
355,b'Li90cnltZQ0KMTAwMA0KcGlAcmFzcGJlcnJ5cGk6fiQg'
355,b'Li90cnltZQ0KMTAwMA0KcGlAcmFzcGJlcnJ5cGk6fiQg'
355,b'Li90cnltZQ0KMTAwMA0KcGlAcmFzcGJlcnJ5cGk6fiQg'
355,b'Li90cnltZQ0KMTAwMA0KcGlAcmFzcGJlcnJ5cGk6fiQg'
355,b'Li90cnltZQ0KMTAwMA0KcGlAcmFzcGJlcnJ5cGk6fiQg'
355,b'Li90cnltZQ0KMTAwMA0KcGlAcmFzcGJlcnJ5cGk6fiQg'
355,b'Li90cnltZQ0KMTAwMA0KcGlAcmFzcGJlcnJ5cGk6fiQg'
355,b'Li90cnltZQ0KMTAwMA0KcGlAcmFzcGJlcnJ5cGk6fiQg'
355,b'Li90cnltZQ0KMTAwMA0KcGlAcmFzcGJlcnJ5cGk6fiQg'
355,b'Li90cnltZQ0KMTAwMA0KcGlAcmFzcGJlcnJ5cGk6fiQg'
355,b'Li90cnltZQ0KMTAwMA0KcGlAcmFzcGJlcnJ5cGk6fiQg'
362,b'Li90cnltZQ0KMTAwMA0KcGlAcmFzcGJlcnJ5cGk6fiQg'
362,b'Li90cnltZQ0KMTAwMA0KcGlAcmFzcGJlcnJ5cGk6fiQg'
362,b'Li90cnltZQ0KMTAwMA0KcGlAcmFzcGJlcnJ5cGk6fiQg'
362,b'Li90cnltZQ0KMTAwMA0KcGlAcmFzcGJlcnJ5cGk6fiQg'
362,b'Li90cnltZQ0KMTAwMA0KcGlAcmFzcGJlcnJ5cGk6fiQg'
362,b'Li90cnltZQ0KMTAwMA0KcGlAcmFzcGJlcnJ5cGk6fiQg'
362,b'Li90cnltZQ0KMTAwMA0KcGlAcmFzcGJlcnJ5cGk6fiQg'
362,b'Li90cnltZQ0KMTAwMA0KcGlAcmFzcGJlcnJ5cGk6fiQg'
362,b'Li90cnltZQ0KMTAwMA0KcGlAcmFzcGJlcnJ5cGk6fiQg'
362,b'Li90cnltZQ0KMTAwMA0KcGlAcmFzcGJlcnJ5cGk6fiQg'
362,b'Li90cnltZQ0KMTAwMA0KcGlAcmFzcGJlcnJ5cGk6fiQg'
369,b'Li90cnltZQ0KMTAwMA0KcGlAcmFzcGJlcnJ5cGk6fiQg'
369,b'Li90cnltZQ0KMTAwMA0KcGlAcmFzcGJlcnJ5cGk6fiQg'
369,b'Li90cnltZQ0KMTAwMA0KcGlAcmFzcGJlcnJ5cGk6fiQg'
369,b'Li90cnltZQ0KMTAwMA0KcGlAcmFzcGJlcnJ5cGk6fiQg'
369,b'Li90cnltZQ0KMTAwMA0KcGlAcmFzcGJlcnJ5cGk6fiQg'
369,b'Li90cnltZQ0KMTAwMA0KcGlAcmFzcGJlcnJ5cGk6fiQg'
369,b'Li90cnltZQ0KMTAwMA0KcGlAcmFzcGJlcnJ5cGk6fiQg'
369,b'Li90cnltZQ0KMTAwMA0KcGlAcmFzcGJlcnJ5cGk6fiQg'
369,b'Li90cnltZQ0KMTAwMA0KcGlAcmFzcGJlcnJ5cGk6fiQg'
369,b'Li90cnltZQ0KMTAwMA0KcGlAcmFzcGJlcnJ5cGk6fiQg'
369,b'Li90cnltZQ0KMTAwMA0KcGlAcmFzcGJlcnJ5cGk6fiQg'
376,b'Li90cnltZQ0KMTAwMA0KcGlAcmFzcGJlcnJ5cGk6fiQg'
376,b'Li90cnltZQ0KMTAwMA0KcGlAcmFzcGJlcnJ5cGk6fiQg'
376,b'Li90cnltZQ0KMTAwMA0KcGlAcmFzcGJlcnJ5cGk6fiQg'
376,b'Li90cnltZQ0KMTAwMA0KcGlAcmFzcGJlcnJ5cGk6fiQg'
376,b'Li90cnltZQ0KMTAwMA0KcGlAcmFzcGJlcnJ5cGk6fiQg'
376,b'Li90cnltZQ0KMTAwMA0KcGlAcmFzcGJlcnJ5cGk6fiQg'
376,b'Li90cnltZQ0KMTAwMA0KcGlAcmFzcGJlcnJ5cGk6fiQg'
376,b'Li90cnltZQ0KMTAwMA0KcGlAcmFzcGJlcnJ5cGk6fiQg'
376,b'Li90cnltZQ0KMTAwMA0KcGlAcmFzcGJlcnJ5cGk6fiQg'
376,b'Li90cnltZQ0KMTAwMA0KcGlAcmFzcGJlcnJ5cGk6fiQg'
376,b'Li90cnltZQ0KMTAwMA0KcGlAcmFzcGJlcnJ5cGk6fiQg'
383,b'Li90cnltZQ0KMTAwMA0KcGlAcmFzcGJlcnJ5cGk6fiQg'
383,b'Li90cnltZQ0KMTAwMA0KcGlAcmFzcGJlcnJ5cGk6fiQg'
383,b'Li90cnltZQ0KMTAwMA0KcGlAcmFzcGJlcnJ5cGk6fiQg'
383,b'Li90cnltZQ0KMTAwMA0KcGlAcmFzcGJlcnJ5cGk6fiQg'
383,b'Li90cnltZQ0KMTAwMA0KcGlAcmFzcGJlcnJ5cGk6fiQg'
383,b'Li90cnltZQ0KMTAwMA0KcGlAcmFzcGJlcnJ5cGk6fiQg'
383,b'Li90cnltZQ0KMTAwMA0KcGlAcmFzcGJlcnJ5cGk6fiQg'
383,b'Li90cnltZQ0KMTAwMA0KcGlAcmFzcGJlcnJ5cGk6fiQg'
383,b'Li90cnltZQ0KMTAwMA0KcGlAcmFzcGJlcnJ5cGk6fiQg'
383,b'Li90cnltZQ0KMTAwMA0KcGlAcmFzcGJlcnJ5cGk6fiQg'
383,b'Li90cnltZQ0KMTAwMA0KcGlAcmFzcGJlcnJ5cGk6fiQg'
390,b'Li90cnltZQ0KMTAwMA0KcGlAcmFzcGJlcnJ5cGk6fiQg'
390,b'Li90cnltZQ0KMTAwMA0KcGlAcmFzcGJlcnJ5cGk6fiQg'
390,b'Li90cnltZQ0KMTAwMA0KcGlAcmFzcGJlcnJ5cGk6fiQg'
390,b'Li90cnltZQ0KMTAwMA0KcGlAcmFzcGJlcnJ5cGk6fiQg'
390,b'Li90cnltZQ0KMTAwMA0KcGlAcmFzcGJlcnJ5cGk6fiQg'
390,b'Li90cnltZQ0KMTAwMA0KcGlAcmFzcGJlcnJ5cGk6fiQg'
390,b'Li90cnltZQ0KMTAwMA0KcGlAcmFzcGJlcnJ5cGk6fiQg'
390,b'Li90cnltZQ0KMTAwMA0KcGlAcmFzcGJlcnJ5cGk6fiQg'
390,b'Li90cnltZQ0KMTAwMA0KcGlAcmFzcGJlcnJ5cGk6fiQg'
390,b'Li90cnltZQ0KMTAwMA0KcGlAcmFzcGJlcnJ5cGk6fiQg'
390,b'Li90cnltZQ0KMTAwMA0KcGlAcmFzcGJlcnJ5cGk6fiQg'
397,b'Li90cnltZQ0KMTAwMA0KcGlAcmFzcGJlcnJ5cGk6fiQg'
397,b'Li90cnltZQ0KMTAwMA0KcGlAcmFzcGJlcnJ5cGk6fiQg'
397,b'Li90cnltZQ0KMTAwMA0KcGlAcmFzcGJlcnJ5cGk6fiQg'
397,b'Li90cnltZQ0KMTAwMA0KcGlAcmFzcGJlcnJ5cGk6fiQg'
397,b'Li90cnltZQ0KMTAwMA0KcGlAcmFzcGJlcnJ5cGk6fiQg'
397,b'Li90cnltZQ0KMTAwMA0KcGlAcmFzcGJlcnJ5cGk6fiQg'
397,b'Li90cnltZQ0KMTAwMA0KcGlAcmFzcGJlcnJ5cGk6fiQg'
397,b'Li90cnltZQ0KMTAwMA0KcGlAcmFzcGJlcnJ5cGk6fiQg'
397,b'Li90cnltZQ0KMTAwMA0KcGlAcmFzcGJlcnJ5cGk6fiQg'
397,b'Li90cnltZQ0KMTAwMA0KcGlAcmFzcGJlcnJ5cGk6fiQg'
397,b'Li90cnltZQ0KMTAwMA0KcGlAcmFzcGJlcnJ5cGk6fiQg'
404,b'Li90cnltZQ0KMTAwMA0KcGlAcmFzcGJlcnJ5cGk6fiQg'
404,b'Li90cnltZQ0KMTAwMA0KcGlAcmFzcGJlcnJ5cGk6fiQg'
404,b'Li90cnltZQ0KMTAwMA0KcGlAcmFzcGJlcnJ5cGk6fiQg'
404,b'Li90cnltZQ0KMTAwMA0KcGlAcmFzcGJlcnJ5cGk6fiQg'
404,b'Li90cnltZQ0KMTAwMA0KcGlAcmFzcGJlcnJ5cGk6fiQg'
404,b'Li90cnltZQ0KMTAwMA0KcGlAcmFzcGJlcnJ5cGk6fiQg'
404,b'Li90cnltZQ0KMTAwMA0KcGlAcmFzcGJlcnJ5cGk6fiQg'
404,b'Li90cnltZQ0KMTAwMA0KcGlAcmFzcGJlcnJ5cGk6fiQg'
404,b'Li90cnltZQ0KMTAwMA0KcGlAcmFzcGJlcnJ5cGk6fiQg'
404,b'Li90cnltZQ0KMTAwMA0KcGlAcmFzcGJlcnJ5cGk6fiQg'
404,b'Li90cnltZQ0KMTAwMA0KcGlAcmFzcGJlcnJ5cGk6fiQg'
411,b'Li90cnltZQ0KMTAwMA0KcGlAcmFzcGJlcnJ5cGk6fiQg'
411,b'Li90cnltZQ0KMTAwMA0KcGlAcmFzcGJlcnJ5cGk6fiQg'
411,b'Li90cnltZQ0KMTAwMA0KcGlAcmFzcGJlcnJ5cGk6fiQg'
411,b'Li90cnltZQ0KMTAwMA0KcGlAcmFzcGJlcnJ5cGk6fiQg'
411,b'Li90cnltZQ0KMTAwMA0KcGlAcmFzcGJlcnJ5cGk6fiQg'
411,b'Li90cnltZQ0KMTAwMA0KcGlAcmFzcGJlcnJ5cGk6fiQg'
411,b'Li90cnltZQ0KMTAwMA0KcGlAcmFzcGJlcnJ5cGk6fiQg'
411,b'Li90cnltZQ0KMTAwMA0KcGlAcmFzcGJlcnJ5cGk6fiQg'
411,b'Li90cnltZQ0KMTAwMA0KcGlAcmFzcGJlcnJ5cGk6fiQg'
411,b'Li90cnltZQ0KMTAwMA0KcGlAcmFzcGJlcnJ5cGk6fiQg'
411,b'Li90cnltZQ0KMTAwMA0KcGlAcmFzcGJlcnJ5cGk6fiQg'
418,b'Li90cnltZQ0KMTAwMA0KcGlAcmFzcGJlcnJ5cGk6fiQg'
418,b'Li90cnltZQ0KMTAwMA0KcGlAcmFzcGJlcnJ5cGk6fiQg'
418,b'Li90cnltZQ0KMTAwMA0KcGlAcmFzcGJlcnJ5cGk6fiQg'
418,b'Li90cnltZQ0KMTAwMA0KcGlAcmFzcGJlcnJ5cGk6fiQg'
418,b'Li90cnltZQ0KMTAwMA0KcGlAcmFzcGJlcnJ5cGk6fiQg'
418,b'Li90cnltZQ0KMTAwMA0KcGlAcmFzcGJlcnJ5cGk6fiQg'
418,b'Li90cnltZQ0KMTAwMA0KcGlAcmFzcGJlcnJ5cGk6fiQg'
418,b'Li90cnltZQ0KMTAwMA0KcGlAcmFzcGJlcnJ5cGk6fiQg'
418,b'Li90cnltZQ0KMTAwMA0KcGlAcmFzcGJlcnJ5cGk6fiQg'
418,b'Li90cnltZQ0KMTAwMA0KcGlAcmFzcGJlcnJ5cGk6fiQg'
418,b'Li90cnltZQ0KMTAwMA0KcGlAcmFzcGJlcnJ5cGk6fiQg'
425,b'Li90cnltZQ0KMTAwMA0KcGlAcmFzcGJlcnJ5cGk6fiQg'
425,b'Li90cnltZQ0KMTAwMA0KcGlAcmFzcGJlcnJ5cGk6fiQg'
425,b'Li90cnltZQ0KMTAwMA0KcGlAcmFzcGJlcnJ5cGk6fiQg'
425,b'Li90cnltZQ0KMTAwMA0KcGlAcmFzcGJlcnJ5cGk6fiQg'
425,b'Li90cnltZQ0KMTAwMA0KcGlAcmFzcGJlcnJ5cGk6fiQg'
425,b'Li90cnltZQ0KMTAwMA0KcGlAcmFzcGJlcnJ5cGk6fiQg'
425,b'Li90cnltZQ0KMTAwMA0KcGlAcmFzcGJlcnJ5cGk6fiQg'
425,b'Li90cnltZQ0KMTAwMA0KcGlAcmFzcGJlcnJ5cGk6fiQg'
425,b'Li90cnltZQ0KMTAwMA0KcGlAcmFzcGJlcnJ5cGk6fiQg'
425,b'Li90cnltZQ0KMTAwMA0KcGlAcmFzcGJlcnJ5cGk6fiQg'
425,b'Li90cnltZQ0KMTAwMA0KcGlAcmFzcGJlcnJ5cGk6fiQg'
432,b'Li90cnltZQ0KMTAwMA0KcGlAcmFzcGJlcnJ5cGk6fiQg'
432,b'Li90cnltZQ0KMTAwMA0KcGlAcmFzcGJlcnJ5cGk6fiQg'
432,b'Li90cnltZQ0KMTAwMA0KcGlAcmFzcGJlcnJ5cGk6fiQg'
432,b'Li90cnltZQ0KMTAwMA0KcGlAcmFzcGJlcnJ5cGk6fiQg'
432,b'Li90cnltZQ0KMTAwMA0KcGlAcmFzcGJlcnJ5cGk6fiQg'
432,b'Li90cnltZQ0KMTAwMA0KcGlAcmFzcGJlcnJ5cGk6fiQg'
432,b'Li90cnltZQ0KMTAwMA0KcGlAcmFzcGJlcnJ5cGk6fiQg'
432,b'Li90cnltZQ0KMTAwMA0KcGlAcmFzcGJlcnJ5cGk6fiQg'
432,b'Li90cnltZQ0KMTAwMA0KcGlAcmFzcGJlcnJ5cGk6fiQg'
432,b'Li90cnltZQ0KMTAwMA0KcGlAcmFzcGJlcnJ5cGk6fiQg'
432,b'Li90cnltZQ0KMTAwMA0KcGlAcmFzcGJlcnJ5cGk6fiQg'
439,b'Li90cnltZQ0KMTAwMA0KcGlAcmFzcGJlcnJ5cGk6fiQg'
439,b'Li90cnltZQ0KMTAwMA0KcGlAcmFzcGJlcnJ5cGk6fiQg'
439,b'Li90cnltZQ0KMTAwMA0KcGlAcmFzcGJlcnJ5cGk6fiQg'
439,b'Li90cnltZQ0KMTAwMA0KcGlAcmFzcGJlcnJ5cGk6fiQg'
439,b'Li90cnltZQ0KMTAwMA0KcGlAcmFzcGJlcnJ5cGk6fiQg'
439,b'Li90cnltZQ0KMTAwMA0KcGlAcmFzcGJlcnJ5cGk6fiQg'
439,b'Li90cnltZQ0KMTAwMA0KcGlAcmFzcGJlcnJ5cGk6fiQg'
439,b'Li90cnltZQ0KMTAwMA0KcGlAcmFzcGJlcnJ5cGk6fiQg'
439,b'Li90cnltZQ0KMTAwMA0KcGlAcmFzcGJlcnJ5cGk6fiQg'
439,b'Li90cnltZQ0KMTAwMA0KcGlAcmFzcGJlcnJ5cGk6fiQg'
439,b'Li90cnltZQ0KMTAwMA0KcGlAcmFzcGJlcnJ5cGk6fiQg'
446,b'Li90cnltZQ0KMTAwMA0KcGlAcmFzcGJlcnJ5cGk6fiQg'
446,b'Li90cnltZQ0KMTAwMA0KcGlAcmFzcGJlcnJ5cGk6fiQg'
446,b'Li90cnltZQ0KMTAwMA0KcGlAcmFzcGJlcnJ5cGk6fiQg'
446,b'Li90cnltZQ0KMTAwMA0KcGlAcmFzcGJlcnJ5cGk6fiQg'
446,b'Li90cnltZQ0KMTAwMA0KcGlAcmFzcGJlcnJ5cGk6fiQg'
446,b'Li90cnltZQ0KMTAwMA0KcGlAcmFzcGJlcnJ5cGk6fiQg'
446,b'Li90cnltZQ0KMTAwMA0KcGlAcmFzcGJlcnJ5cGk6fiQg'
446,b'Li90cnltZQ0KMTAwMA0KcGlAcmFzcGJlcnJ5cGk6fiQg'
446,b'Li90cnltZQ0KMTAwMA0KcGlAcmFzcGJlcnJ5cGk6fiQg'
446,b'Li90cnltZQ0KMTAwMA0KcGlAcmFzcGJlcnJ5cGk6fiQg'
446,b'Li90cnltZQ0KMTAwMA0KcGlAcmFzcGJlcnJ5cGk6fiQg'
453,b'Li90cnltZQ0KMTAwMA0KcGlAcmFzcGJlcnJ5cGk6fiQg'
453,b'Li90cnltZQ0KMTAwMA0KcGlAcmFzcGJlcnJ5cGk6fiQg'
453,b'Li90cnltZQ0KMTAwMA0KcGlAcmFzcGJlcnJ5cGk6fiQg'
453,b'Li90cnltZQ0KMTAwMA0KcGlAcmFzcGJlcnJ5cGk6fiQg'
453,b'Li90cnltZQ0KMTAwMA0KcGlAcmFzcGJlcnJ5cGk6fiQg'
453,b'Li90cnltZQ0KMTAwMA0KcGlAcmFzcGJlcnJ5cGk6fiQg'
453,b'Li90cnltZQ0KMTAwMA0KcGlAcmFzcGJlcnJ5cGk6fiQg'
453,b'Li90cnltZQ0KMTAwMA0KcGlAcmFzcGJlcnJ5cGk6fiQg'
453,b'Li90cnltZQ0KMTAwMA0KcGlAcmFzcGJlcnJ5cGk6fiQg'
453,b'Li90cnltZQ0KMTAwMA0KcGlAcmFzcGJlcnJ5cGk6fiQg'
453,b'Li90cnltZQ0KMTAwMA0KcGlAcmFzcGJlcnJ5cGk6fiQg'
460,b'Li90cnltZQ0KMTAwMA0KcGlAcmFzcGJlcnJ5cGk6fiQg'
460,b'Li90cnltZQ0KMTAwMA0KcGlAcmFzcGJlcnJ5cGk6fiQg'
460,b'Li90cnltZQ0KMTAwMA0KcGlAcmFzcGJlcnJ5cGk6fiQg'
460,b'Li90cnltZQ0KMTAwMA0KcGlAcmFzcGJlcnJ5cGk6fiQg'
460,b'Li90cnltZQ0KMTAwMA0KcGlAcmFzcGJlcnJ5cGk6fiQg'
460,b'Li90cnltZQ0KMTAwMA0KcGlAcmFzcGJlcnJ5cGk6fiQg'
460,b'Li90cnltZQ0KMTAwMA0KcGlAcmFzcGJlcnJ5cGk6fiQg'
460,b'Li90cnltZQ0KMTAwMA0KcGlAcmFzcGJlcnJ5cGk6fiQg'
460,b'Li90cnltZQ0KMTAwMA0KcGlAcmFzcGJlcnJ5cGk6fiQg'
460,b'Li90cnltZQ0KMTAwMA0KcGlAcmFzcGJlcnJ5cGk6fiQg'
460,b'Li90cnltZQ0KMTAwMA0KcGlAcmFzcGJlcnJ5cGk6fiQg'
467,b'Li90cnltZQ0KMTAwMA0KcGlAcmFzcGJlcnJ5cGk6fiQg'
467,b'Li90cnltZQ0KMTAwMA0KcGlAcmFzcGJlcnJ5cGk6fiQg'
467,b'Li90cnltZQ0KMTAwMA0KcGlAcmFzcGJlcnJ5cGk6fiQg'
467,b'Li90cnltZQ0KMTAwMA0KcGlAcmFzcGJlcnJ5cGk6fiQg'
467,b'Li90cnltZQ0KMTAwMA0KcGlAcmFzcGJlcnJ5cGk6fiQg'
467,b'Li90cnltZQ0KMTAwMA0KcGlAcmFzcGJlcnJ5cGk6fiQg'
467,b'Li90cnltZQ0KMTAwMA0KcGlAcmFzcGJlcnJ5cGk6fiQg'
467,b'Li90cnltZQ0KMTAwMA0KcGlAcmFzcGJlcnJ5cGk6fiQg'
467,b'Li90cnltZQ0KMTAwMA0KcGlAcmFzcGJlcnJ5cGk6fiQg'
467,b'Li90cnltZQ0KMTAwMA0KcGlAcmFzcGJlcnJ5cGk6fiQg'
467,b'Li90cnltZQ0KMTAwMA0KcGlAcmFzcGJlcnJ5cGk6fiQg'
474,b'Li90cnltZQ0KMTAwMA0KcGlAcmFzcGJlcnJ5cGk6fiQg'
474,b'Li90cnltZQ0KMTAwMA0KcGlAcmFzcGJlcnJ5cGk6fiQg'
474,b'Li90cnltZQ0KMTAwMA0KcGlAcmFzcGJlcnJ5cGk6fiQg'
474,b'Li90cnltZQ0KMTAwMA0KcGlAcmFzcGJlcnJ5cGk6fiQg'
474,b'Li90cnltZQ0KMTAwMA0KcGlAcmFzcGJlcnJ5cGk6fiQg'
474,b'Li90cnltZQ0KMTAwMA0KcGlAcmFzcGJlcnJ5cGk6fiQg'
474,b'Li90cnltZQ0KMTAwMA0KcGlAcmFzcGJlcnJ5cGk6fiQg'
474,b'Li90cnltZQ0KMTAwMA0KcGlAcmFzcGJlcnJ5cGk6fiQg'
474,b'Li90cnltZQ0KMTAwMA0KcGlAcmFzcGJlcnJ5cGk6fiQg'
474,b'Li90cnltZQ0KMTAwMA0KcGlAcmFzcGJlcnJ5cGk6fiQg'
474,b'Li90cnltZQ0KMTAwMA0KcGlAcmFzcGJlcnJ5cGk6fiQg'
481,b'Li90cnltZQ0KMTAwMA0KcGlAcmFzcGJlcnJ5cGk6fiQg'
481,b'Li90cnltZQ0KMTAwMA0KcGlAcmFzcGJlcnJ5cGk6fiQg'
481,b'Li90cnltZQ0KMTAwMA0KcGlAcmFzcGJlcnJ5cGk6fiQg'
481,b'Li90cnltZQ0KMTAwMA0KcGlAcmFzcGJlcnJ5cGk6fiQg'
481,b'Li90cnltZQ0KMTAwMA0KcGlAcmFzcGJlcnJ5cGk6fiQg'
481,b'Li90cnltZQ0KMTAwMA0KcGlAcmFzcGJlcnJ5cGk6fiQg'
481,b'Li90cnltZQ0KMTAwMA0KcGlAcmFzcGJlcnJ5cGk6fiQg'
481,b'Li90cnltZQ0KMTAwMA0KcGlAcmFzcGJlcnJ5cGk6fiQg'
481,b'Li90cnltZQ0KMTAwMA0KcGlAcmFzcGJlcnJ5cGk6fiQg'
481,b'Li90cnltZQ0KMTAwMA0KcGlAcmFzcGJlcnJ5cGk6fiQg'
481,b'Li90cnltZQ0KMTAwMA0KcGlAcmFzcGJlcnJ5cGk6fiQg'
488,b'Li90cnltZQ0KMTAwMA0KcGlAcmFzcGJlcnJ5cGk6fiQg'
488,b'Li90cnltZQ0KMTAwMA0KcGlAcmFzcGJlcnJ5cGk6fiQg'
488,b'Li90cnltZQ0KMTAwMA0KcGlAcmFzcGJlcnJ5cGk6fiQg'
488,b'Li90cnltZQ0KMTAwMA0KcGlAcmFzcGJlcnJ5cGk6fiQg'
488,b'Li90cnltZQ0KMTAwMA0KcGlAcmFzcGJlcnJ5cGk6fiQg'
488,b'Li90cnltZQ0KMTAwMA0KcGlAcmFzcGJlcnJ5cGk6fiQg'
488,b'Li90cnltZQ0KMTAwMA0KcGlAcmFzcGJlcnJ5cGk6fiQg'
488,b'Li90cnltZQ0KMTAwMA0KcGlAcmFzcGJlcnJ5cGk6fiQg'
488,b'Li90cnltZQ0KMTAwMA0KcGlAcmFzcGJlcnJ5cGk6fiQg'
488,b'Li90cnltZQ0KMTAwMA0KcGlAcmFzcGJlcnJ5cGk6fiQg'
488,b'Li90cnltZQ0KMTAwMA0KcGlAcmFzcGJlcnJ5cGk6fiQg'
495,b'Li90cnltZQ0KMTAwMA0KcGlAcmFzcGJlcnJ5cGk6fiQg'
495,b'Li90cnltZQ0KMTAwMA0KcGlAcmFzcGJlcnJ5cGk6fiQg'
495,b'Li90cnltZQ0KMTAwMA0KcGlAcmFzcGJlcnJ5cGk6fiQg'
495,b'Li90cnltZQ0KMTAwMA0KcGlAcmFzcGJlcnJ5cGk6fiQg'
495,b'Li90cnltZQ0KMTAwMA0KcGlAcmFzcGJlcnJ5cGk6fiQg'
495,b'Li90cnltZQ0KMTAwMA0KcGlAcmFzcGJlcnJ5cGk6fiQg'
495,b'Li90cnltZQ0KMTAwMA0KcGlAcmFzcGJlcnJ5cGk6fiQg'
495,b'Li90cnltZQ0KMTAwMA0KcGlAcmFzcGJlcnJ5cGk6fiQg'
495,b'Li90cnltZQ0KMTAwMA0KcGlAcmFzcGJlcnJ5cGk6fiQg'
495,b'Li90cnltZQ0KMTAwMA0KcGlAcmFzcGJlcnJ5cGk6fiQg'
495,b'Li90cnltZQ0KMTAwMA0KcGlAcmFzcGJlcnJ5cGk6fiQg'
502,b'Li90cnltZQ0KMTAwMA0KcGlAcmFzcGJlcnJ5cGk6fiQg'
502,b'Li90cnltZQ0KMTAwMA0KcGlAcmFzcGJlcnJ5cGk6fiQg'
502,b'Li90cnltZQ0KMTAwMA0KcGlAcmFzcGJlcnJ5cGk6fiQg'
502,b'Li90cnltZQ0KMTAwMA0KcGlAcmFzcGJlcnJ5cGk6fiQg'
502,b'Li90cnltZQ0KMTAwMA0KcGlAcmFzcGJlcnJ5cGk6fiQg'
502,b'Li90cnltZQ0KMTAwMA0KcGlAcmFzcGJlcnJ5cGk6fiQg'
502,b'Li90cnltZQ0KMTAwMA0KcGlAcmFzcGJlcnJ5cGk6fiQg'
502,b'Li90cnltZQ0KMTAwMA0KcGlAcmFzcGJlcnJ5cGk6fiQg'
502,b'Li90cnltZQ0KMTAwMA0KcGlAcmFzcGJlcnJ5cGk6fiQg'
502,b'Li90cnltZQ0KMTAwMA0KcGlAcmFzcGJlcnJ5cGk6fiQg'
502,b'Li90cnltZQ0KMTAwMA0KcGlAcmFzcGJlcnJ5cGk6fiQg'
509,b'Li90cnltZQ0KMTAwMA0KcGlAcmFzcGJlcnJ5cGk6fiQg'
509,b'Li90cnltZQ0KMTAwMA0KcGlAcmFzcGJlcnJ5cGk6fiQg'
509,b'Li90cnltZQ0KMTAwMA0KcGlAcmFzcGJlcnJ5cGk6fiQg'
509,b'Li90cnltZQ0KMTAwMA0KcGlAcmFzcGJlcnJ5cGk6fiQg'
509,b'Li90cnltZQ0KMTAwMA0KcGlAcmFzcGJlcnJ5cGk6fiQg'
509,b'Li90cnltZQ0KMTAwMA0KcGlAcmFzcGJlcnJ5cGk6fiQg'
509,b'Li90cnltZQ0KMTAwMA0KcGlAcmFzcGJlcnJ5cGk6fiQg'
509,b'Li90cnltZQ0KMTAwMA0KcGlAcmFzcGJlcnJ5cGk6fiQg'
509,b'Li90cnltZQ0KMTAwMA0KcGlAcmFzcGJlcnJ5cGk6fiQg'
509,b'Li90cnltZQ0KMTAwMA0KcGlAcmFzcGJlcnJ5cGk6fiQg'
509,b'Li90cnltZQ0KMTAwMA0KcGlAcmFzcGJlcnJ5cGk6fiQg'
516,b'Li90cnltZQ0KMTAwMA0KcGlAcmFzcGJlcnJ5cGk6fiQg'
516,b'Li90cnltZQ0KMTAwMA0KcGlAcmFzcGJlcnJ5cGk6fiQg'
516,b'Li90cnltZQ0KMTAwMA0KcGlAcmFzcGJlcnJ5cGk6fiQg'
516,b'Li90cnltZQ0KMTAwMA0KcGlAcmFzcGJlcnJ5cGk6fiQg'
516,b'Li90cnltZQ0KMTAwMA0KcGlAcmFzcGJlcnJ5cGk6fiQg'
516,b'Li90cnltZQ0KMTAwMA0KcGlAcmFzcGJlcnJ5cGk6fiQg'
516,b'Li90cnltZQ0KMTAwMA0KcGlAcmFzcGJlcnJ5cGk6fiQg'
516,b'Li90cnltZQ0KMTAwMA0KcGlAcmFzcGJlcnJ5cGk6fiQg'
516,b'Li90cnltZQ0KMTAwMA0KcGlAcmFzcGJlcnJ5cGk6fiQg'
516,b'Li90cnltZQ0KMTAwMA0KcGlAcmFzcGJlcnJ5cGk6fiQg'
516,b'Li90cnltZQ0KMTAwMA0KcGlAcmFzcGJlcnJ5cGk6fiQg'
523,b'Li90cnltZQ0KMTAwMA0KcGlAcmFzcGJlcnJ5cGk6fiQg'
523,b'Li90cnltZQ0KMTAwMA0KcGlAcmFzcGJlcnJ5cGk6fiQg'
523,b'Li90cnltZQ0KMTAwMA0KcGlAcmFzcGJlcnJ5cGk6fiQg'
523,b'Li90cnltZQ0KMTAwMA0KcGlAcmFzcGJlcnJ5cGk6fiQg'
523,b'Li90cnltZQ0KMTAwMA0KcGlAcmFzcGJlcnJ5cGk6fiQg'
523,b'Li90cnltZQ0KMTAwMA0KcGlAcmFzcGJlcnJ5cGk6fiQg'
523,b'Li90cnltZQ0KMTAwMA0KcGlAcmFzcGJlcnJ5cGk6fiQg'
523,b'Li90cnltZQ0KMTAwMA0KcGlAcmFzcGJlcnJ5cGk6fiQg'
523,b'Li90cnltZQ0KMTAwMA0KcGlAcmFzcGJlcnJ5cGk6fiQg'
523,b'Li90cnltZQ0KMTAwMA0KcGlAcmFzcGJlcnJ5cGk6fiQg'
523,b'Li90cnltZQ0KMTAwMA0KcGlAcmFzcGJlcnJ5cGk6fiQg'
530,b'Li90cnltZQ0KMTAwMA0KcGlAcmFzcGJlcnJ5cGk6fiQg'
530,b'Li90cnltZQ0KMTAwMA0KcGlAcmFzcGJlcnJ5cGk6fiQg'
530,b'Li90cnltZQ0KMTAwMA0KcGlAcmFzcGJlcnJ5cGk6fiQg'
530,b'Li90cnltZQ0KMTAwMA0KcGlAcmFzcGJlcnJ5cGk6fiQg'
530,b'Li90cnltZQ0KMTAwMA0KcGlAcmFzcGJlcnJ5cGk6fiQg'
530,b'Li90cnltZQ0KMTAwMA0KcGlAcmFzcGJlcnJ5cGk6fiQg'
530,b'Li90cnltZQ0KMTAwMA0KcGlAcmFzcGJlcnJ5cGk6fiQg'
530,b'Li90cnltZQ0KMTAwMA0KcGlAcmFzcGJlcnJ5cGk6fiQg'
530,b'Li90cnltZQ0KMTAwMA0KcGlAcmFzcGJlcnJ5cGk6fiQg'
530,b'Li90cnltZQ0KMTAwMA0KcGlAcmFzcGJlcnJ5cGk6fiQg'
530,b'Li90cnltZQ0KMTAwMA0KcGlAcmFzcGJlcnJ5cGk6fiQg'
537,b'Li90cnltZQ0KMTAwMA0KcGlAcmFzcGJlcnJ5cGk6fiQg'
537,b'Li90cnltZQ0KMTAwMA0KcGlAcmFzcGJlcnJ5cGk6fiQg'
537,b'Li90cnltZQ0KMTAwMA0KcGlAcmFzcGJlcnJ5cGk6fiQg'
537,b'Li90cnltZQ0KMTAwMA0KcGlAcmFzcGJlcnJ5cGk6fiQg'
537,b'Li90cnltZQ0KMTAwMA0KcGlAcmFzcGJlcnJ5cGk6fiQg'
537,b'Li90cnltZQ0KMTAwMA0KcGlAcmFzcGJlcnJ5cGk6fiQg'
537,b'Li90cnltZQ0KMTAwMA0KcGlAcmFzcGJlcnJ5cGk6fiQg'
537,b'Li90cnltZQ0KMTAwMA0KcGlAcmFzcGJlcnJ5cGk6fiQg'
537,b'Li90cnltZQ0KMTAwMA0KcGlAcmFzcGJlcnJ5cGk6fiQg'
537,b'Li90cnltZQ0KMTAwMA0KcGlAcmFzcGJlcnJ5cGk6fiQg'
537,b'Li90cnltZQ0KMTAwMA0KcGlAcmFzcGJlcnJ5cGk6fiQg'
544,b'Li90cnltZQ0KMTAwMA0KcGlAcmFzcGJlcnJ5cGk6fiQg'
544,b'Li90cnltZQ0KMTAwMA0KcGlAcmFzcGJlcnJ5cGk6fiQg'
544,b'Li90cnltZQ0KMTAwMA0KcGlAcmFzcGJlcnJ5cGk6fiQg'
544,b'Li90cnltZQ0KMTAwMA0KcGlAcmFzcGJlcnJ5cGk6fiQg'
544,b'Li90cnltZQ0KMTAwMA0KcGlAcmFzcGJlcnJ5cGk6fiQg'
544,b'Li90cnltZQ0KMTAwMA0KcGlAcmFzcGJlcnJ5cGk6fiQg'
544,b'Li90cnltZQ0KMTAwMA0KcGlAcmFzcGJlcnJ5cGk6fiQg'
544,b'Li90cnltZQ0KMTAwMA0KcGlAcmFzcGJlcnJ5cGk6fiQg'
544,b'Li90cnltZQ0KMTAwMA0KcGlAcmFzcGJlcnJ5cGk6fiQg'
544,b'Li90cnltZQ0KMTAwMA0KcGlAcmFzcGJlcnJ5cGk6fiQg'
544,b'Li90cnltZQ0KMTAwMA0KcGlAcmFzcGJlcnJ5cGk6fiQg'
551,b'Li90cnltZQ0KMTAwMA0KcGlAcmFzcGJlcnJ5cGk6fiQg'
551,b'Li90cnltZQ0KMTAwMA0KcGlAcmFzcGJlcnJ5cGk6fiQg'
551,b'Li90cnltZQ0KMTAwMA0KcGlAcmFzcGJlcnJ5cGk6fiQg'
551,b'Li90cnltZQ0KMTAwMA0KcGlAcmFzcGJlcnJ5cGk6fiQg'
551,b'Li90cnltZQ0KMTAwMA0KcGlAcmFzcGJlcnJ5cGk6fiQg'
551,b'Li90cnltZQ0KMTAwMA0KcGlAcmFzcGJlcnJ5cGk6fiQg'
551,b'Li90cnltZQ0KMTAwMA0KcGlAcmFzcGJlcnJ5cGk6fiQg'
551,b'Li90cnltZQ0KMTAwMA0KcGlAcmFzcGJlcnJ5cGk6fiQg'
551,b'Li90cnltZQ0KMTAwMA0KcGlAcmFzcGJlcnJ5cGk6fiQg'
551,b'Li90cnltZQ0KMTAwMA0KcGlAcmFzcGJlcnJ5cGk6fiQg'
551,b'Li90cnltZQ0KMTAwMA0KcGlAcmFzcGJlcnJ5cGk6fiQg'
558,b'Li90cnltZQ0KMTAwMA0KcGlAcmFzcGJlcnJ5cGk6fiQg'
558,b'Li90cnltZQ0KMTAwMA0KcGlAcmFzcGJlcnJ5cGk6fiQg'
558,b'Li90cnltZQ0KMTAwMA0KcGlAcmFzcGJlcnJ5cGk6fiQg'
558,b'Li90cnltZQ0KMTAwMA0KcGlAcmFzcGJlcnJ5cGk6fiQg'
558,b'Li90cnltZQ0KMTAwMA0KcGlAcmFzcGJlcnJ5cGk6fiQg'
558,b'Li90cnltZQ0KMTAwMA0KcGlAcmFzcGJlcnJ5cGk6fiQg'
558,b'Li90cnltZQ0KMTAwMA0KcGlAcmFzcGJlcnJ5cGk6fiQg'
558,b'Li90cnltZQ0KMTAwMA0KcGlAcmFzcGJlcnJ5cGk6fiQg'
558,b'Li90cnltZQ0KMTAwMA0KcGlAcmFzcGJlcnJ5cGk6fiQg'
558,b'Li90cnltZQ0KMTAwMA0KcGlAcmFzcGJlcnJ5cGk6fiQg'
558,b'Li90cnltZQ0KMTAwMA0KcGlAcmFzcGJlcnJ5cGk6fiQg'
565,b'Li90cnltZQ0KMTAwMA0KcGlAcmFzcGJlcnJ5cGk6fiQg'
565,b'Li90cnltZQ0KMTAwMA0KcGlAcmFzcGJlcnJ5cGk6fiQg'
565,b'Li90cnltZQ0KMTAwMA0KcGlAcmFzcGJlcnJ5cGk6fiQg'
565,b'Li90cnltZQ0KMTAwMA0KcGlAcmFzcGJlcnJ5cGk6fiQg'
565,b'Li90cnltZQ0KMTAwMA0KcGlAcmFzcGJlcnJ5cGk6fiQg'
565,b'Li90cnltZQ0KMTAwMA0KcGlAcmFzcGJlcnJ5cGk6fiQg'
565,b'Li90cnltZQ0KMTAwMA0KcGlAcmFzcGJlcnJ5cGk6fiQg'
565,b'Li90cnltZQ0KMTAwMA0KcGlAcmFzcGJlcnJ5cGk6fiQg'
565,b'Li90cnltZQ0KMTAwMA0KcGlAcmFzcGJlcnJ5cGk6fiQg'
565,b'Li90cnltZQ0KMTAwMA0KcGlAcmFzcGJlcnJ5cGk6fiQg'
565,b'Li90cnltZQ0KMTAwMA0KcGlAcmFzcGJlcnJ5cGk6fiQg'
572,b'Li90cnltZQ0KMTAwMA0KcGlAcmFzcGJlcnJ5cGk6fiQg'
572,b'Li90cnltZQ0KMTAwMA0KcGlAcmFzcGJlcnJ5cGk6fiQg'
572,b'Li90cnltZQ0KMTAwMA0KcGlAcmFzcGJlcnJ5cGk6fiQg'
572,b'Li90cnltZQ0KMTAwMA0KcGlAcmFzcGJlcnJ5cGk6fiQg'
572,b'Li90cnltZQ0KMTAwMA0KcGlAcmFzcGJlcnJ5cGk6fiQg'
572,b'Li90cnltZQ0KMTAwMA0KcGlAcmFzcGJlcnJ5cGk6fiQg'
572,b'Li90cnltZQ0KMTAwMA0KcGlAcmFzcGJlcnJ5cGk6fiQg'
572,b'Li90cnltZQ0KMTAwMA0KcGlAcmFzcGJlcnJ5cGk6fiQg'
572,b'Li90cnltZQ0KMTAwMA0KcGlAcmFzcGJlcnJ5cGk6fiQg'
572,b'Li90cnltZQ0KMTAwMA0KcGlAcmFzcGJlcnJ5cGk6fiQg'
572,b'Li90cnltZQ0KMTAwMA0KcGlAcmFzcGJlcnJ5cGk6fiQg'
579,b'Li90cnltZQ0KMTAwMA0KcGlAcmFzcGJlcnJ5cGk6fiQg'
579,b'Li90cnltZQ0KMTAwMA0KcGlAcmFzcGJlcnJ5cGk6fiQg'
579,b'Li90cnltZQ0KMTAwMA0KcGlAcmFzcGJlcnJ5cGk6fiQg'
579,b'Li90cnltZQ0KMTAwMA0KcGlAcmFzcGJlcnJ5cGk6fiQg'
579,b'Li90cnltZQ0KMTAwMA0KcGlAcmFzcGJlcnJ5cGk6fiQg'
579,b'Li90cnltZQ0KMTAwMA0KcGlAcmFzcGJlcnJ5cGk6fiQg'
579,b'Li90cnltZQ0KMTAwMA0KcGlAcmFzcGJlcnJ5cGk6fiQg'
579,b'Li90cnltZQ0KMTAwMA0KcGlAcmFzcGJlcnJ5cGk6fiQg'
579,b'Li90cnltZQ0KMTAwMA0KcGlAcmFzcGJlcnJ5cGk6fiQg'
579,b'Li90cnltZQ0KMTAwMA0KcGlAcmFzcGJlcnJ5cGk6fiQg'
579,b'Li90cnltZQ0KMTAwMA0KcGlAcmFzcGJlcnJ5cGk6fiQg'
586,b'Li90cnltZQ0KMTAwMA0KcGlAcmFzcGJlcnJ5cGk6fiQg'
586,b'Li90cnltZQ0KMTAwMA0KcGlAcmFzcGJlcnJ5cGk6fiQg'
586,b'Li90cnltZQ0KMTAwMA0KcGlAcmFzcGJlcnJ5cGk6fiQg'
586,b'Li90cnltZQ0KMTAwMA0KcGlAcmFzcGJlcnJ5cGk6fiQg'
586,b'Li90cnltZQ0KMTAwMA0KcGlAcmFzcGJlcnJ5cGk6fiQg'
586,b'Li90cnltZQ0KMTAwMA0KcGlAcmFzcGJlcnJ5cGk6fiQg'
586,b'Li90cnltZQ0KMTAwMA0KcGlAcmFzcGJlcnJ5cGk6fiQg'
586,b'Li90cnltZQ0KMTAwMA0KcGlAcmFzcGJlcnJ5cGk6fiQg'
586,b'Li90cnltZQ0KMTAwMA0KcGlAcmFzcGJlcnJ5cGk6fiQg'
586,b'Li90cnltZQ0KMTAwMA0KcGlAcmFzcGJlcnJ5cGk6fiQg'
586,b'Li90cnltZQ0KMTAwMA0KcGlAcmFzcGJlcnJ5cGk6fiQg'
593,b'Li90cnltZQ0KMTAwMA0KcGlAcmFzcGJlcnJ5cGk6fiQg'
593,b'Li90cnltZQ0KMTAwMA0KcGlAcmFzcGJlcnJ5cGk6fiQg'
593,b'Li90cnltZQ0KMTAwMA0KcGlAcmFzcGJlcnJ5cGk6fiQg'
593,b'Li90cnltZQ0KMTAwMA0KcGlAcmFzcGJlcnJ5cGk6fiQg'
593,b'Li90cnltZQ0KMTAwMA0KcGlAcmFzcGJlcnJ5cGk6fiQg'
593,b'Li90cnltZQ0KMTAwMA0KcGlAcmFzcGJlcnJ5cGk6fiQg'
593,b'Li90cnltZQ0KMTAwMA0KcGlAcmFzcGJlcnJ5cGk6fiQg'
593,b'Li90cnltZQ0KMTAwMA0KcGlAcmFzcGJlcnJ5cGk6fiQg'
593,b'Li90cnltZQ0KMTAwMA0KcGlAcmFzcGJlcnJ5cGk6fiQg'
593,b'Li90cnltZQ0KMTAwMA0KcGlAcmFzcGJlcnJ5cGk6fiQg'
593,b'Li90cnltZQ0KMTAwMA0KcGlAcmFzcGJlcnJ5cGk6fiQg'
600,b'Li90cnltZQ0KMTAwMA0KcGlAcmFzcGJlcnJ5cGk6fiQg'
600,b'Li90cnltZQ0KMTAwMA0KcGlAcmFzcGJlcnJ5cGk6fiQg'
600,b'Li90cnltZQ0KMTAwMA0KcGlAcmFzcGJlcnJ5cGk6fiQg'
600,b'Li90cnltZQ0KMTAwMA0KcGlAcmFzcGJlcnJ5cGk6fiQg'
600,b'Li90cnltZQ0KMTAwMA0KcGlAcmFzcGJlcnJ5cGk6fiQg'
600,b'Li90cnltZQ0KMTAwMA0KcGlAcmFzcGJlcnJ5cGk6fiQg'
600,b'Li90cnltZQ0KMTAwMA0KcGlAcmFzcGJlcnJ5cGk6fiQg'
600,b'Li90cnltZQ0KMTAwMA0KcGlAcmFzcGJlcnJ5cGk6fiQg'
600,b'Li90cnltZQ0KMTAwMA0KcGlAcmFzcGJlcnJ5cGk6fiQg'
600,b'Li90cnltZQ0KMTAwMA0KcGlAcmFzcGJlcnJ5cGk6fiQg'
600,b'Li90cnltZQ0KMTAwMA0KcGlAcmFzcGJlcnJ5cGk6fiQg'
607,b'Li90cnltZQ0KMTAwMA0KcGlAcmFzcGJlcnJ5cGk6fiQg'
607,b'Li90cnltZQ0KMTAwMA0KcGlAcmFzcGJlcnJ5cGk6fiQg'
607,b'Li90cnltZQ0KMTAwMA0KcGlAcmFzcGJlcnJ5cGk6fiQg'
607,b'Li90cnltZQ0KMTAwMA0KcGlAcmFzcGJlcnJ5cGk6fiQg'
607,b'Li90cnltZQ0KMTAwMA0KcGlAcmFzcGJlcnJ5cGk6fiQg'
607,b'Li90cnltZQ0KMTAwMA0KcGlAcmFzcGJlcnJ5cGk6fiQg'
607,b'Li90cnltZQ0KMTAwMA0KcGlAcmFzcGJlcnJ5cGk6fiQg'
607,b'Li90cnltZQ0KMTAwMA0KcGlAcmFzcGJlcnJ5cGk6fiQg'
607,b'Li90cnltZQ0KMTAwMA0KcGlAcmFzcGJlcnJ5cGk6fiQg'
607,b'Li90cnltZQ0KMTAwMA0KcGlAcmFzcGJlcnJ5cGk6fiQg'
607,b'Li90cnltZQ0KMTAwMA0KcGlAcmFzcGJlcnJ5cGk6fiQg'
614,b'Li90cnltZQ0KMTAwMA0KcGlAcmFzcGJlcnJ5cGk6fiQg'
614,b'Li90cnltZQ0KMTAwMA0KcGlAcmFzcGJlcnJ5cGk6fiQg'
614,b'Li90cnltZQ0KMTAwMA0KcGlAcmFzcGJlcnJ5cGk6fiQg'
614,b'Li90cnltZQ0KMTAwMA0KcGlAcmFzcGJlcnJ5cGk6fiQg'
614,b'Li90cnltZQ0KMTAwMA0KcGlAcmFzcGJlcnJ5cGk6fiQg'
614,b'Li90cnltZQ0KMTAwMA0KcGlAcmFzcGJlcnJ5cGk6fiQg'
614,b'Li90cnltZQ0KMTAwMA0KcGlAcmFzcGJlcnJ5cGk6fiQg'
614,b'Li90cnltZQ0KMTAwMA0KcGlAcmFzcGJlcnJ5cGk6fiQg'
614,b'Li90cnltZQ0KMTAwMA0KcGlAcmFzcGJlcnJ5cGk6fiQg'
614,b'Li90cnltZQ0KMTAwMA0KcGlAcmFzcGJlcnJ5cGk6fiQg'
614,b'Li90cnltZQ0KMTAwMA0KcGlAcmFzcGJlcnJ5cGk6fiQg'
621,b'Li90cnltZQ0KMTAwMA0KcGlAcmFzcGJlcnJ5cGk6fiQg'
621,b'Li90cnltZQ0KMTAwMA0KcGlAcmFzcGJlcnJ5cGk6fiQg'
621,b'Li90cnltZQ0KMTAwMA0KcGlAcmFzcGJlcnJ5cGk6fiQg'
621,b'Li90cnltZQ0KMTAwMA0KcGlAcmFzcGJlcnJ5cGk6fiQg'
621,b'Li90cnltZQ0KMTAwMA0KcGlAcmFzcGJlcnJ5cGk6fiQg'
621,b'Li90cnltZQ0KMTAwMA0KcGlAcmFzcGJlcnJ5cGk6fiQg'
621,b'Li90cnltZQ0KMTAwMA0KcGlAcmFzcGJlcnJ5cGk6fiQg'
621,b'Li90cnltZQ0KMTAwMA0KcGlAcmFzcGJlcnJ5cGk6fiQg'
621,b'Li90cnltZQ0KMTAwMA0KcGlAcmFzcGJlcnJ5cGk6fiQg'
621,b'Li90cnltZQ0KMTAwMA0KcGlAcmFzcGJlcnJ5cGk6fiQg'
621,b'Li90cnltZQ0KMTAwMA0KcGlAcmFzcGJlcnJ5cGk6fiQg'
628,b'Li90cnltZQ0KMTAwMA0KcGlAcmFzcGJlcnJ5cGk6fiQg'
628,b'Li90cnltZQ0KMTAwMA0KcGlAcmFzcGJlcnJ5cGk6fiQg'
628,b'Li90cnltZQ0KMTAwMA0KcGlAcmFzcGJlcnJ5cGk6fiQg'
628,b'Li90cnltZQ0KMTAwMA0KcGlAcmFzcGJlcnJ5cGk6fiQg'
628,b'Li90cnltZQ0KMTAwMA0KcGlAcmFzcGJlcnJ5cGk6fiQg'
628,b'Li90cnltZQ0KMTAwMA0KcGlAcmFzcGJlcnJ5cGk6fiQg'
628,b'Li90cnltZQ0KMTAwMA0KcGlAcmFzcGJlcnJ5cGk6fiQg'
628,b'Li90cnltZQ0KMTAwMA0KcGlAcmFzcGJlcnJ5cGk6fiQg'
628,b'Li90cnltZQ0KMTAwMA0KcGlAcmFzcGJlcnJ5cGk6fiQg'
628,b'Li90cnltZQ0KMTAwMA0KcGlAcmFzcGJlcnJ5cGk6fiQg'
628,b'Li90cnltZQ0KMTAwMA0KcGlAcmFzcGJlcnJ5cGk6fiQg'
635,b'Li90cnltZQ0KMTAwMA0KcGlAcmFzcGJlcnJ5cGk6fiQg'
635,b'Li90cnltZQ0KMTAwMA0KcGlAcmFzcGJlcnJ5cGk6fiQg'
635,b'Li90cnltZQ0KMTAwMA0KcGlAcmFzcGJlcnJ5cGk6fiQg'
635,b'Li90cnltZQ0KMTAwMA0KcGlAcmFzcGJlcnJ5cGk6fiQg'
635,b'Li90cnltZQ0KMTAwMA0KcGlAcmFzcGJlcnJ5cGk6fiQg'
635,b'Li90cnltZQ0KMTAwMA0KcGlAcmFzcGJlcnJ5cGk6fiQg'
635,b'Li90cnltZQ0KMTAwMA0KcGlAcmFzcGJlcnJ5cGk6fiQg'
635,b'Li90cnltZQ0KMTAwMA0KcGlAcmFzcGJlcnJ5cGk6fiQg'
635,b'Li90cnltZQ0KMTAwMA0KcGlAcmFzcGJlcnJ5cGk6fiQg'
635,b'Li90cnltZQ0KMTAwMA0KcGlAcmFzcGJlcnJ5cGk6fiQg'
635,b'Li90cnltZQ0KMTAwMA0KcGlAcmFzcGJlcnJ5cGk6fiQg'
642,b'Li90cnltZQ0KMTAwMA0KcGlAcmFzcGJlcnJ5cGk6fiQg'
642,b'Li90cnltZQ0KMTAwMA0KcGlAcmFzcGJlcnJ5cGk6fiQg'
642,b'Li90cnltZQ0KMTAwMA0KcGlAcmFzcGJlcnJ5cGk6fiQg'
642,b'Li90cnltZQ0KMTAwMA0KcGlAcmFzcGJlcnJ5cGk6fiQg'
642,b'Li90cnltZQ0KMTAwMA0KcGlAcmFzcGJlcnJ5cGk6fiQg'
642,b'Li90cnltZQ0KMTAwMA0KcGlAcmFzcGJlcnJ5cGk6fiQg'
642,b'Li90cnltZQ0KMTAwMA0KcGlAcmFzcGJlcnJ5cGk6fiQg'
642,b'Li90cnltZQ0KMTAwMA0KcGlAcmFzcGJlcnJ5cGk6fiQg'
642,b'Li90cnltZQ0KMTAwMA0KcGlAcmFzcGJlcnJ5cGk6fiQg'
642,b'Li90cnltZQ0KMTAwMA0KcGlAcmFzcGJlcnJ5cGk6fiQg'
642,b'Li90cnltZQ0KMTAwMA0KcGlAcmFzcGJlcnJ5cGk6fiQg'
649,b'Li90cnltZQ0KMTAwMA0KcGlAcmFzcGJlcnJ5cGk6fiQg'
649,b'Li90cnltZQ0KMTAwMA0KcGlAcmFzcGJlcnJ5cGk6fiQg'
649,b'Li90cnltZQ0KMTAwMA0KcGlAcmFzcGJlcnJ5cGk6fiQg'
649,b'Li90cnltZQ0KMTAwMA0KcGlAcmFzcGJlcnJ5cGk6fiQg'
649,b'Li90cnltZQ0KMTAwMA0KcGlAcmFzcGJlcnJ5cGk6fiQg'
649,b'Li90cnltZQ0KMTAwMA0KcGlAcmFzcGJlcnJ5cGk6fiQg'
649,b'Li90cnltZQ0KMTAwMA0KcGlAcmFzcGJlcnJ5cGk6fiQg'
649,b'Li90cnltZQ0KMTAwMA0KcGlAcmFzcGJlcnJ5cGk6fiQg'
649,b'Li90cnltZQ0KMTAwMA0KcGlAcmFzcGJlcnJ5cGk6fiQg'
649,b'Li90cnltZQ0KMTAwMA0KcGlAcmFzcGJlcnJ5cGk6fiQg'
649,b'Li90cnltZQ0KMTAwMA0KcGlAcmFzcGJlcnJ5cGk6fiQg'
656,b'Li90cnltZQ0KMTAwMA0KcGlAcmFzcGJlcnJ5cGk6fiQg'
656,b'Li90cnltZQ0KMTAwMA0KcGlAcmFzcGJlcnJ5cGk6fiQg'
656,b'Li90cnltZQ0KMTAwMA0KcGlAcmFzcGJlcnJ5cGk6fiQg'
656,b'Li90cnltZQ0KMTAwMA0KcGlAcmFzcGJlcnJ5cGk6fiQg'
656,b'Li90cnltZQ0KMTAwMA0KcGlAcmFzcGJlcnJ5cGk6fiQg'
656,b'Li90cnltZQ0KMTAwMA0KcGlAcmFzcGJlcnJ5cGk6fiQg'
656,b'Li90cnltZQ0KMTAwMA0KcGlAcmFzcGJlcnJ5cGk6fiQg'
656,b'Li90cnltZQ0KMTAwMA0KcGlAcmFzcGJlcnJ5cGk6fiQg'
656,b'Li90cnltZQ0KMTAwMA0KcGlAcmFzcGJlcnJ5cGk6fiQg'
656,b'Li90cnltZQ0KMTAwMA0KcGlAcmFzcGJlcnJ5cGk6fiQg'
656,b'Li90cnltZQ0KMTAwMA0KcGlAcmFzcGJlcnJ5cGk6fiQg'
663,b'Li90cnltZQ0KMTAwMA0KcGlAcmFzcGJlcnJ5cGk6fiQg'
663,b'Li90cnltZQ0KMTAwMA0KcGlAcmFzcGJlcnJ5cGk6fiQg'
663,b'Li90cnltZQ0KMTAwMA0KcGlAcmFzcGJlcnJ5cGk6fiQg'
663,b'Li90cnltZQ0KMTAwMA0KcGlAcmFzcGJlcnJ5cGk6fiQg'
663,b'Li90cnltZQ0KMTAwMA0KcGlAcmFzcGJlcnJ5cGk6fiQg'
663,b'Li90cnltZQ0KMTAwMA0KcGlAcmFzcGJlcnJ5cGk6fiQg'
663,b'Li90cnltZQ0KMTAwMA0KcGlAcmFzcGJlcnJ5cGk6fiQg'
663,b'Li90cnltZQ0KMTAwMA0KcGlAcmFzcGJlcnJ5cGk6fiQg'
663,b'Li90cnltZQ0KMTAwMA0KcGlAcmFzcGJlcnJ5cGk6fiQg'
663,b'Li90cnltZQ0KMTAwMA0KcGlAcmFzcGJlcnJ5cGk6fiQg'
663,b'Li90cnltZQ0KMTAwMA0KcGlAcmFzcGJlcnJ5cGk6fiQg'
670,b'Li90cnltZQ0KMTAwMA0KcGlAcmFzcGJlcnJ5cGk6fiQg'
670,b'Li90cnltZQ0KMTAwMA0KcGlAcmFzcGJlcnJ5cGk6fiQg'
670,b'Li90cnltZQ0KMTAwMA0KcGlAcmFzcGJlcnJ5cGk6fiQg'
670,b'Li90cnltZQ0KMTAwMA0KcGlAcmFzcGJlcnJ5cGk6fiQg'
670,b'Li90cnltZQ0KMTAwMA0KcGlAcmFzcGJlcnJ5cGk6fiQg'
670,b'Li90cnltZQ0KMTAwMA0KcGlAcmFzcGJlcnJ5cGk6fiQg'
670,b'Li90cnltZQ0KMTAwMA0KcGlAcmFzcGJlcnJ5cGk6fiQg'
670,b'Li90cnltZQ0KMTAwMA0KcGlAcmFzcGJlcnJ5cGk6fiQg'
670,b'Li90cnltZQ0KMTAwMA0KcGlAcmFzcGJlcnJ5cGk6fiQg'
670,b'Li90cnltZQ0KMTAwMA0KcGlAcmFzcGJlcnJ5cGk6fiQg'
670,b'Li90cnltZQ0KMTAwMA0KcGlAcmFzcGJlcnJ5cGk6fiQg'
677,b'Li90cnltZQ0KMTAwMA0KcGlAcmFzcGJlcnJ5cGk6fiQg'
677,b'Li90cnltZQ0KMTAwMA0KcGlAcmFzcGJlcnJ5cGk6fiQg'
677,b'Li90cnltZQ0KMTAwMA0KcGlAcmFzcGJlcnJ5cGk6fiQg'
677,b'Li90cnltZQ0KMTAwMA0KcGlAcmFzcGJlcnJ5cGk6fiQg'
677,b'Li90cnltZQ0KMTAwMA0KcGlAcmFzcGJlcnJ5cGk6fiQg'
677,b'Li90cnltZQ0KMTAwMA0KcGlAcmFzcGJlcnJ5cGk6fiQg'
677,b'Li90cnltZQ0KMTAwMA0KcGlAcmFzcGJlcnJ5cGk6fiQg'
677,b'Li90cnltZQ0KMTAwMA0KcGlAcmFzcGJlcnJ5cGk6fiQg'
677,b'Li90cnltZQ0KMTAwMA0KcGlAcmFzcGJlcnJ5cGk6fiQg'
677,b'Li90cnltZQ0KMTAwMA0KcGlAcmFzcGJlcnJ5cGk6fiQg'
677,b'Li90cnltZQ0KMTAwMA0KcGlAcmFzcGJlcnJ5cGk6fiQg'
684,b'Li90cnltZQ0KMTAwMA0KcGlAcmFzcGJlcnJ5cGk6fiQg'
684,b'Li90cnltZQ0KMTAwMA0KcGlAcmFzcGJlcnJ5cGk6fiQg'
684,b'Li90cnltZQ0KMTAwMA0KcGlAcmFzcGJlcnJ5cGk6fiQg'
684,b'Li90cnltZQ0KMTAwMA0KcGlAcmFzcGJlcnJ5cGk6fiQg'
684,b'Li90cnltZQ0KMTAwMA0KcGlAcmFzcGJlcnJ5cGk6fiQg'
684,b'Li90cnltZQ0KMTAwMA0KcGlAcmFzcGJlcnJ5cGk6fiQg'
684,b'Li90cnltZQ0KMTAwMA0KcGlAcmFzcGJlcnJ5cGk6fiQg'
684,b'Li90cnltZQ0KMTAwMA0KcGlAcmFzcGJlcnJ5cGk6fiQg'
684,b'Li90cnltZQ0KMTAwMA0KcGlAcmFzcGJlcnJ5cGk6fiQg'
684,b'Li90cnltZQ0KMTAwMA0KcGlAcmFzcGJlcnJ5cGk6fiQg'
684,b'Li90cnltZQ0KMTAwMA0KcGlAcmFzcGJlcnJ5cGk6fiQg'
691,b'Li90cnltZQ0KMTAwMA0KcGlAcmFzcGJlcnJ5cGk6fiQg'
691,b'Li90cnltZQ0KMTAwMA0KcGlAcmFzcGJlcnJ5cGk6fiQg'
691,b'Li90cnltZQ0KMTAwMA0KcGlAcmFzcGJlcnJ5cGk6fiQg'
691,b'Li90cnltZQ0KMTAwMA0KcGlAcmFzcGJlcnJ5cGk6fiQg'
691,b'Li90cnltZQ0KMTAwMA0KcGlAcmFzcGJlcnJ5cGk6fiQg'
691,b'Li90cnltZQ0KMTAwMA0KcGlAcmFzcGJlcnJ5cGk6fiQg'
691,b'Li90cnltZQ0KMTAwMA0KcGlAcmFzcGJlcnJ5cGk6fiQg'
691,b'Li90cnltZQ0KMTAwMA0KcGlAcmFzcGJlcnJ5cGk6fiQg'
691,b'Li90cnltZQ0KMTAwMA0KcGlAcmFzcGJlcnJ5cGk6fiQg'
691,b'Li90cnltZQ0KMTAwMA0KcGlAcmFzcGJlcnJ5cGk6fiQg'
691,b'Li90cnltZQ0KMTAwMA0KcGlAcmFzcGJlcnJ5cGk6fiQg'
698,b'Li90cnltZQ0KMTAwMA0KcGlAcmFzcGJlcnJ5cGk6fiQg'
698,b'Li90cnltZQ0KMTAwMA0KcGlAcmFzcGJlcnJ5cGk6fiQg'
698,b'Li90cnltZQ0KMTAwMA0KcGlAcmFzcGJlcnJ5cGk6fiQg'
698,b'Li90cnltZQ0KMTAwMA0KcGlAcmFzcGJlcnJ5cGk6fiQg'
698,b'Li90cnltZQ0KMTAwMA0KcGlAcmFzcGJlcnJ5cGk6fiQg'
698,b'Li90cnltZQ0KMTAwMA0KcGlAcmFzcGJlcnJ5cGk6fiQg'
698,b'Li90cnltZQ0KMTAwMA0KcGlAcmFzcGJlcnJ5cGk6fiQg'
698,b'Li90cnltZQ0KMTAwMA0KcGlAcmFzcGJlcnJ5cGk6fiQg'
698,b'Li90cnltZQ0KMTAwMA0KcGlAcmFzcGJlcnJ5cGk6fiQg'
698,b'Li90cnltZQ0KMTAwMA0KcGlAcmFzcGJlcnJ5cGk6fiQg'
698,b'Li90cnltZQ0KMTAwMA0KcGlAcmFzcGJlcnJ5cGk6fiQg'
705,b'Li90cnltZQ0KMTAwMA0KcGlAcmFzcGJlcnJ5cGk6fiQg'
705,b'Li90cnltZQ0KMTAwMA0KcGlAcmFzcGJlcnJ5cGk6fiQg'
705,b'Li90cnltZQ0KMTAwMA0KcGlAcmFzcGJlcnJ5cGk6fiQg'
705,b'Li90cnltZQ0KMTAwMA0KcGlAcmFzcGJlcnJ5cGk6fiQg'
705,b'Li90cnltZQ0KMTAwMA0KcGlAcmFzcGJlcnJ5cGk6fiQg'
705,b'Li90cnltZQ0KMTAwMA0KcGlAcmFzcGJlcnJ5cGk6fiQg'
705,b'Li90cnltZQ0KMTAwMA0KcGlAcmFzcGJlcnJ5cGk6fiQg'
705,b'Li90cnltZQ0KMTAwMA0KcGlAcmFzcGJlcnJ5cGk6fiQg'
705,b'Li90cnltZQ0KMTAwMA0KcGlAcmFzcGJlcnJ5cGk6fiQg'
705,b'Li90cnltZQ0KMTAwMA0KcGlAcmFzcGJlcnJ5cGk6fiQg'
705,b'Li90cnltZQ0KMTAwMA0KcGlAcmFzcGJlcnJ5cGk6fiQg'
712,b'Li90cnltZQ0KMTAwMA0KcGlAcmFzcGJlcnJ5cGk6fiQg'
712,b'Li90cnltZQ0KMTAwMA0KcGlAcmFzcGJlcnJ5cGk6fiQg'
712,b'Li90cnltZQ0KMTAwMA0KcGlAcmFzcGJlcnJ5cGk6fiQg'
712,b'Li90cnltZQ0KMTAwMA0KcGlAcmFzcGJlcnJ5cGk6fiQg'
712,b'Li90cnltZQ0KMTAwMA0KcGlAcmFzcGJlcnJ5cGk6fiQg'
712,b'Li90cnltZQ0KMTAwMA0KcGlAcmFzcGJlcnJ5cGk6fiQg'
712,b'Li90cnltZQ0KMTAwMA0KcGlAcmFzcGJlcnJ5cGk6fiQg'
712,b'Li90cnltZQ0KMTAwMA0KcGlAcmFzcGJlcnJ5cGk6fiQg'
712,b'Li90cnltZQ0KMTAwMA0KcGlAcmFzcGJlcnJ5cGk6fiQg'
712,b'Li90cnltZQ0KMTAwMA0KcGlAcmFzcGJlcnJ5cGk6fiQg'
712,b'Li90cnltZQ0KMTAwMA0KcGlAcmFzcGJlcnJ5cGk6fiQg'
719,b'Li90cnltZQ0KMTAwMA0KcGlAcmFzcGJlcnJ5cGk6fiQg'
719,b'Li90cnltZQ0KMTAwMA0KcGlAcmFzcGJlcnJ5cGk6fiQg'
719,b'Li90cnltZQ0KMTAwMA0KcGlAcmFzcGJlcnJ5cGk6fiQg'
719,b'Li90cnltZQ0KMTAwMA0KcGlAcmFzcGJlcnJ5cGk6fiQg'
719,b'Li90cnltZQ0KMTAwMA0KcGlAcmFzcGJlcnJ5cGk6fiQg'
719,b'Li90cnltZQ0KMTAwMA0KcGlAcmFzcGJlcnJ5cGk6fiQg'
719,b'Li90cnltZQ0KMTAwMA0KcGlAcmFzcGJlcnJ5cGk6fiQg'
719,b'Li90cnltZQ0KMTAwMA0KcGlAcmFzcGJlcnJ5cGk6fiQg'
719,b'Li90cnltZQ0KMTAwMA0KcGlAcmFzcGJlcnJ5cGk6fiQg'
719,b'Li90cnltZQ0KMTAwMA0KcGlAcmFzcGJlcnJ5cGk6fiQg'
719,b'Li90cnltZQ0KMTAwMA0KcGlAcmFzcGJlcnJ5cGk6fiQg'
726,b'Li90cnltZQ0KMTAwMA0KcGlAcmFzcGJlcnJ5cGk6fiQg'
726,b'Li90cnltZQ0KMTAwMA0KcGlAcmFzcGJlcnJ5cGk6fiQg'
726,b'Li90cnltZQ0KMTAwMA0KcGlAcmFzcGJlcnJ5cGk6fiQg'
726,b'Li90cnltZQ0K'
726,b'IC4vdHJ5bWUNCjEwMDANCnBpQHJhc3BiZXJyeXBpOn4kIA=='
726,b'Li90cnltZQ0KMTAwMA0KcGlAcmFzcGJlcnJ5cGk6fiQg'
726,b'Li90cnltZQ0KMTAwMA0KcGlAcmFzcGJlcnJ5cGk6fiQg'
726,b'Li90cnltZQ0KMTAwMA0KcGlAcmFzcGJlcnJ5cGk6fiQg'
726,b'Li90cnltZQ0KMTAwMA0KcGlAcmFzcGJlcnJ5cGk6fiQg'
726,b'Li90cnltZQ0KMTAwMA0KcGlAcmFzcGJlcnJ5cGk6fiQg'
726,b'Li90cnltZQ0KMTAwMA0KcGlAcmFzcGJlcnJ5cGk6fiQg'
733,b'Li90cnltZQ0KMTAwMA0KcGlAcmFzcGJlcnJ5cGk6fiQg'
733,b'Li90cnltZQ0KMTAwMA0KcGlAcmFzcGJlcnJ5cGk6fiQg'
733,b'Li90cnltZQ0KMTAwMA0KcGlAcmFzcGJlcnJ5cGk6fiQg'
733,b'Li90cnltZQ0KMTAwMA0KcGlAcmFzcGJlcnJ5cGk6fiQg'
733,b'Li90cnltZQ0KMTAwMA0KcGlAcmFzcGJlcnJ5cGk6fiQg'
733,b'Li90cnltZQ0KMTAwMA0KcGlAcmFzcGJlcnJ5cGk6fiQg'
733,b'Li90cnltZQ0KMTAwMA0KcGlAcmFzcGJlcnJ5cGk6fiQg'
733,b'Li90cnltZQ0KMTAwMA0KcGlAcmFzcGJlcnJ5cGk6fiQg'
733,b'Li90cnltZQ0KMTAwMA0KcGlAcmFzcGJlcnJ5cGk6fiQg'
733,b'Li90cnltZQ0KMTAwMA0KcGlAcmFzcGJlcnJ5cGk6fiQg'
733,b'Li90cnltZQ0KMTAwMA0KcGlAcmFzcGJlcnJ5cGk6fiQg'
740,b'Li90cnltZQ0KMTAwMA0KcGlAcmFzcGJlcnJ5cGk6fiQg'
740,b'Li90cnltZQ0KMTAwMA0KcGlAcmFzcGJlcnJ5cGk6fiQg'
740,b'Li90cnltZQ0KMTAwMA0KcGlAcmFzcGJlcnJ5cGk6fiQg'
740,b'Li90cnltZQ0KMTAwMA0KcGlAcmFzcGJlcnJ5cGk6fiQg'
740,b'Li90cnltZQ0KMTAwMA0KcGlAcmFzcGJlcnJ5cGk6fiQg'
740,b'Li90cnltZQ0KMTAwMA0KcGlAcmFzcGJlcnJ5cGk6fiQg'
740,b'Li90cnltZQ0KMTAwMA0KcGlAcmFzcGJlcnJ5cGk6fiQg'
740,b'Li90cnltZQ0KMTAwMA0KcGlAcmFzcGJlcnJ5cGk6fiQg'
740,b'Li90cnltZQ0KMTAwMA0KcGlAcmFzcGJlcnJ5cGk6fiQg'
740,b'Li90cnltZQ0KMTAwMA0KcGlAcmFzcGJlcnJ5cGk6fiQg'
740,b'Li90cnltZQ0KMTAwMA0KcGlAcmFzcGJlcnJ5cGk6fiQg'
747,b'Li90cnltZQ0KMTAwMA0KcGlAcmFzcGJlcnJ5cGk6fiQg'
747,b'Li90cnltZQ0KMTAwMA0KcGlAcmFzcGJlcnJ5cGk6fiQg'
747,b'Li90cnltZQ0KMTAwMA0KcGlAcmFzcGJlcnJ5cGk6fiQg'
747,b'Li90cnltZQ0KMTAwMA0KcGlAcmFzcGJlcnJ5cGk6fiQg'
747,b'Li90cnltZQ0KMTAwMA0KcGlAcmFzcGJlcnJ5cGk6fiQg'
747,b'Li90cnltZQ0KMTAwMA0KcGlAcmFzcGJlcnJ5cGk6fiQg'
747,b'Li90cnltZQ0KMTAwMA0KcGlAcmFzcGJlcnJ5cGk6fiQg'
747,b'Li90cnltZQ0KMTAwMA0KcGlAcmFzcGJlcnJ5cGk6fiQg'
747,b'Li90cnltZQ0KMTAwMA0KcGlAcmFzcGJlcnJ5cGk6fiQg'
747,b'Li90cnltZQ0KMTAwMA0KcGlAcmFzcGJlcnJ5cGk6fiQg'
747,b'Li90cnltZQ0KMTAwMA0KcGlAcmFzcGJlcnJ5cGk6fiQg'
754,b'Li90cnltZQ0KMTAwMA0KcGlAcmFzcGJlcnJ5cGk6fiQg'
754,b'Li90cnltZQ0KMTAwMA0KcGlAcmFzcGJlcnJ5cGk6fiQg'
754,b'Li90cnltZQ0KMTAwMA0KcGlAcmFzcGJlcnJ5cGk6fiQg'
754,b'Li90cnltZQ0KMTAwMA0KcGlAcmFzcGJlcnJ5cGk6fiQg'
754,b'Li90cnltZQ0KMTAwMA0KcGlAcmFzcGJlcnJ5cGk6fiQg'
754,b'Li90cnltZQ0KMTAwMA0KcGlAcmFzcGJlcnJ5cGk6fiQg'
754,b'Li90cnltZQ0KMTAwMA0KcGlAcmFzcGJlcnJ5cGk6fiQg'
754,b'Li90cnltZQ0KMTAwMA0KcGlAcmFzcGJlcnJ5cGk6fiQg'
754,b'Li90cnltZQ0KMTAwMA0KcGlAcmFzcGJlcnJ5cGk6fiQg'
754,b'Li90cnltZQ0KMTAwMA0KcGlAcmFzcGJlcnJ5cGk6fiQg'
754,b'Li90cnltZQ0KMTAwMA0KcGlAcmFzcGJlcnJ5cGk6fiQg'
761,b'Li90cnltZQ0KMTAwMA0KcGlAcmFzcGJlcnJ5cGk6fiQg'
761,b'Li90cnltZQ0KMTAwMA0KcGlAcmFzcGJlcnJ5cGk6fiQg'
761,b'Li90cnltZQ0KMTAwMA0KcGlAcmFzcGJlcnJ5cGk6fiQg'
761,b'Li90cnltZQ0KMTAwMA0KcGlAcmFzcGJlcnJ5cGk6fiQg'
761,b'Li90cnltZQ0KMTAwMA0KcGlAcmFzcGJlcnJ5cGk6fiQg'
761,b'Li90cnltZQ0KMTAwMA0KcGlAcmFzcGJlcnJ5cGk6fiQg'
761,b'Li90cnltZQ0KMTAwMA0KcGlAcmFzcGJlcnJ5cGk6fiQg'
761,b'Li90cnltZQ0KMTAwMA0KcGlAcmFzcGJlcnJ5cGk6fiQg'
761,b'Li90cnltZQ0KMTAwMA0KcGlAcmFzcGJlcnJ5cGk6fiQg'
761,b'Li90cnltZQ0KMTAwMA0KcGlAcmFzcGJlcnJ5cGk6fiQg'
761,b'Li90cnltZQ0KMTAwMA0KcGlAcmFzcGJlcnJ5cGk6fiQg'
768,b'Li90cnltZQ0KMTAwMA0KcGlAcmFzcGJlcnJ5cGk6fiQg'
768,b'Li90cnltZQ0KMTAwMA0KcGlAcmFzcGJlcnJ5cGk6fiQg'
768,b'Li90cnltZQ0KMTAwMA0KcGlAcmFzcGJlcnJ5cGk6fiQg'
768,b'Li90cnltZQ0KMTAwMA0KcGlAcmFzcGJlcnJ5cGk6fiQg'
768,b'Li90cnltZQ0KMTAwMA0KcGlAcmFzcGJlcnJ5cGk6fiQg'
768,b'Li90cnltZQ0KMTAwMA0KcGlAcmFzcGJlcnJ5cGk6fiQg'
768,b'Li90cnltZQ0KMTAwMA0KcGlAcmFzcGJlcnJ5cGk6fiQg'
768,b'Li90cnltZQ0KMTAwMA0KcGlAcmFzcGJlcnJ5cGk6fiQg'
768,b'Li90cnltZQ0KMTAwMA0KcGlAcmFzcGJlcnJ5cGk6fiQg'
768,b'Li90cnltZQ0KMTAwMA0KcGlAcmFzcGJlcnJ5cGk6fiQg'
768,b'Li90cnltZQ0KMTAwMA0KcGlAcmFzcGJlcnJ5cGk6fiQg'
775,b'Li90cnltZQ0KMTAwMA0KcGlAcmFzcGJlcnJ5cGk6fiQg'
775,b'Li90cnltZQ0KMTAwMA0KcGlAcmFzcGJlcnJ5cGk6fiQg'
775,b'Li90cnltZQ0KMTAwMA0KcGlAcmFzcGJlcnJ5cGk6fiQg'
775,b'Li90cnltZQ0KMTAwMA0KcGlAcmFzcGJlcnJ5cGk6fiQg'
775,b'Li90cnltZQ0KMTAwMA0KcGlAcmFzcGJlcnJ5cGk6fiQg'
775,b'Li90cnltZQ0KMTAwMA0KcGlAcmFzcGJlcnJ5cGk6fiQg'
775,b'Li90cnltZQ0KMTAwMA0KcGlAcmFzcGJlcnJ5cGk6fiQg'
775,b'Li90cnltZQ0KMTAwMA0KcGlAcmFzcGJlcnJ5cGk6fiQg'
775,b'Li90cnltZQ0KMTAwMA0KcGlAcmFzcGJlcnJ5cGk6fiQg'
775,b'Li90cnltZQ0KMTAwMA0KcGlAcmFzcGJlcnJ5cGk6fiQg'
775,b'Li90cnltZQ0KMTAwMA0KcGlAcmFzcGJlcnJ5cGk6fiQg'
782,b'Li90cnltZQ0KMTAwMA0KcGlAcmFzcGJlcnJ5cGk6fiQg'
782,b'Li90cnltZQ0KMTAwMA0KcGlAcmFzcGJlcnJ5cGk6fiQg'
782,b'Li90cnltZQ0KMTAwMA0KcGlAcmFzcGJlcnJ5cGk6fiQg'
782,b'Li90cnltZQ0KMTAwMA0KcGlAcmFzcGJlcnJ5cGk6fiQg'
782,b'Li90cnltZQ0KMTAwMA0KcGlAcmFzcGJlcnJ5cGk6fiQg'
782,b'Li90cnltZQ0KMTAwMA0KcGlAcmFzcGJlcnJ5cGk6fiQg'
782,b'Li90cnltZQ0KMTAwMA0KcGlAcmFzcGJlcnJ5cGk6fiQg'
782,b'Li90cnltZQ0KMTAwMA0KcGlAcmFzcGJlcnJ5cGk6fiQg'
782,b'Li90cnltZQ0KMTAwMA0KcGlAcmFzcGJlcnJ5cGk6fiQg'
782,b'Li90cnltZQ0KMTAwMA0KcGlAcmFzcGJlcnJ5cGk6fiQg'
782,b'Li90cnltZQ0KMTAwMA0KcGlAcmFzcGJlcnJ5cGk6fiQg'
789,b'Li90cnltZQ0KMTAwMA0KcGlAcmFzcGJlcnJ5cGk6fiQg'
789,b'Li90cnltZQ0KMTAwMA0KcGlAcmFzcGJlcnJ5cGk6fiQg'
789,b'Li90cnltZQ0KMTAwMA0KcGlAcmFzcGJlcnJ5cGk6fiQg'
789,b'Li90cnltZQ0KMTAwMA0KcGlAcmFzcGJlcnJ5cGk6fiQg'
789,b'Li90cnltZQ0KMTAwMA0KcGlAcmFzcGJlcnJ5cGk6fiQg'
789,b'Li90cnltZQ0K'
789,b'IC4vdHJ5bWUNCjEwMDANCnBpQHJhc3BiZXJyeXBpOn4kIA=='
789,b'Li90cnltZQ0KMTAwMA0KcGlAcmFzcGJlcnJ5cGk6fiQg'
789,b'Li90cnltZQ0KMTAwMA0KcGlAcmFzcGJlcnJ5cGk6fiQg'
789,b'Li90cnltZQ0KMTAwMA0KcGlAcmFzcGJlcnJ5cGk6fiQg'
789,b'Li90cnltZQ0KMTAwMA0KcGlAcmFzcGJlcnJ5cGk6fiQg'
796,b'Li90cnltZQ0KMTAwMA0KcGlAcmFzcGJlcnJ5cGk6fiQg'
796,b'Li90cnltZQ0KMTAwMA0KcGlAcmFzcGJlcnJ5cGk6fiQg'
796,b'Li90cnltZQ0KMTAwMA0KcGlAcmFzcGJlcnJ5cGk6fiQg'
796,b'Li90cnltZQ0KMTAwMA0KcGlAcmFzcGJlcnJ5cGk6fiQg'
796,b'Li90cnltZQ0KMTAwMA0KcGlAcmFzcGJlcnJ5cGk6fiQg'
796,b'Li90cnltZQ0KMTAwMA0KcGlAcmFzcGJlcnJ5cGk6fiQg'
796,b'Li90cnltZQ0KMTAwMA0KcGlAcmFzcGJlcnJ5cGk6fiQg'
796,b'Li90cnltZQ0KMTAwMA0KcGlAcmFzcGJlcnJ5cGk6fiQg'
796,b'Li90cnltZQ0KMTAwMA0KcGlAcmFzcGJlcnJ5cGk6fiQg'
796,b'Li90cnltZQ0KMTAwMA0KcGlAcmFzcGJlcnJ5cGk6fiQg'
796,b'Li90cnltZQ0KMTAwMA0KcGlAcmFzcGJlcnJ5cGk6fiQg'
803,b'Li90cnltZQ0KMTAwMA0KcGlAcmFzcGJlcnJ5cGk6fiQg'
803,b'Li90cnltZQ0KMTAwMA0KcGlAcmFzcGJlcnJ5cGk6fiQg'
803,b'Li90cnltZQ0KMTAwMA0KcGlAcmFzcGJlcnJ5cGk6fiQg'
803,b'Li90cnltZQ0KMTAwMA0KcGlAcmFzcGJlcnJ5cGk6fiQg'
803,b'Li90cnltZQ0KMTAwMA0KcGlAcmFzcGJlcnJ5cGk6fiQg'
803,b'Li90cnltZQ0KMTAwMA0KcGlAcmFzcGJlcnJ5cGk6fiQg'
803,b'Li90cnltZQ0KMTAwMA0KcGlAcmFzcGJlcnJ5cGk6fiQg'
803,b'Li90cnltZQ0KMTAwMA0KcGlAcmFzcGJlcnJ5cGk6fiQg'
803,b'Li90cnltZQ0KMTAwMA0KcGlAcmFzcGJlcnJ5cGk6fiQg'
803,b'Li90cnltZQ0KMTAwMA0KcGlAcmFzcGJlcnJ5cGk6fiQg'
803,b'Li90cnltZQ0KMTAwMA0KcGlAcmFzcGJlcnJ5cGk6fiQg'
810,b'Li90cnltZQ0KMTAwMA0KcGlAcmFzcGJlcnJ5cGk6fiQg'
810,b'Li90cnltZQ0KMTAwMA0KcGlAcmFzcGJlcnJ5cGk6fiQg'
810,b'Li90cnltZQ0KMTAwMA0KcGlAcmFzcGJlcnJ5cGk6fiQg'
810,b'Li90cnltZQ0KMTAwMA0KcGlAcmFzcGJlcnJ5cGk6fiQg'
810,b'Li90cnltZQ0KMTAwMA0KcGlAcmFzcGJlcnJ5cGk6fiQg'
